invoice_id,branch,city,customer_type,gender,product_line,unit_price,quantity,tax,total,date,time,payment,cogs,gross_margin_percentage,gross_income,rating
251-20-3784,B,Yangon,Member,Male,Health_and_beauty,67.83,1,3.56,71.22,2019-01-25,20:27,Cash,67.66,4.7619,3.56,9.8
279-54-1428,A,Yangon,Member,Male,Health_and_beauty,12.8,2,1.34,26.88,2019-03-03,12:27,Credit_card,25.54,4.7619,1.34,8.9
679-86-6230,A,Yangon,Normal,Male,Electronic_accessories,72.64,9,34.32,686.45,2019-04-01,11:30,Ewallet,652.13,4.7619,34.32,9.2
392-50-4154,C,Mandalay,Member,Female,Home_and_lifestyle,31.16,5,8.18,163.59,2019-03-21,19:23,Ewallet,155.41,4.7619,8.18,9.8
308-51-2717,A,Mandalay,Normal,Female,Electronic_accessories,63.21,5,16.59,331.85,2019-02-28,14:01,Ewallet,315.26,4.7619,16.59,9.9
667-42-5248,A,Naypyitaw,Member,Female,Electronic_accessories,71.87,5,18.87,377.32,2019-02-10,21:50,Cash,358.45,4.7619,18.87,6.9
696-72-3632,B,Mandalay,Normal,Male,Home_and_lifestyle,8.98,3,1.41,28.29,2019-03-11,13:04,Cash,26.88,4.7619,1.41,6.1
615-48-9071,A,Naypyitaw,Member,Male,Home_and_lifestyle,53.09,6,16.72,334.47,2019-01-05,21:42,Ewallet,317.75,4.7619,16.72,5.0
753-21-5995,B,Mandalay,Member,Male,Home_and_lifestyle,68.82,4,14.45,289.04,2019-01-05,16:37,Ewallet,274.59,4.7619,14.45,7.7
861-83-7007,A,Yangon,Member,Male,Home_and_lifestyle,64.22,7,23.6,472.02,2019-01-18,12:59,Ewallet,448.42,4.7619,23.6,5.5
317-83-5424,C,Naypyitaw,Normal,Female,Electronic_accessories,65.98,8,27.71,554.23,2019-02-22,18:10,Credit_card,526.52,4.7619,27.71,6.9
390-21-8197,C,Mandalay,Member,Male,Home_and_lifestyle,60.61,5,15.91,318.2,2019-01-02,15:29,Ewallet,302.29,4.7619,15.91,9.2
571-77-4107,A,Naypyitaw,Normal,Male,Electronic_accessories,51.75,8,21.73,434.7,2019-02-17,20:37,Credit_card,412.97,4.7619,21.73,5.5
444-87-6479,C,Yangon,Normal,Male,Electronic_accessories,46.27,10,24.29,485.84,2019-01-09,10:07,Cash,461.55,4.7619,24.29,6.0
716-10-6469,C,Naypyitaw,Member,Female,Health_and_beauty,58.44,4,12.27,245.45,2019-02-25,15:41,Credit_card,233.18,4.7619,12.27,7.4
429-55-3750,B,Mandalay,Member,Female,Home_and_lifestyle,31.82,5,8.35,167.06,2019-02-16,21:07,Credit_card,158.71,4.7619,8.35,7.9
665-37-3884,C,Naypyitaw,Normal,Female,Home_and_lifestyle,66.68,5,17.5,350.07,2019-03-25,13:14,Credit_card,332.57,4.7619,17.5,8.4
177-46-3201,C,Mandalay,Normal,Male,Home_and_lifestyle,87.78,9,41.48,829.52,2019-01-09,16:26,Ewallet,788.04,4.7619,41.48,9.6
252-32-5097,C,Mandalay,Normal,Female,Electronic_accessories,89.12,4,18.71,374.3,2019-01-20,21:36,Cash,355.59,4.7619,18.71,9.2
824-39-7210,B,Naypyitaw,Member,Male,Electronic_accessories,40.58,4,8.52,170.44,2019-01-02,12:29,Cash,161.92,4.7619,8.52,9.7
121-72-1985,A,Yangon,Normal,Male,Electronic_accessories,99.17,9,46.86,937.16,2019-02-01,14:52,Cash,890.3,4.7619,46.86,7.3
262-22-5750,C,Mandalay,Member,Female,Electronic_accessories,78.9,9,37.28,745.61,2019-03-27,14:58,Credit_card,708.33,4.7619,37.28,7.3
656-28-3435,C,Mandalay,Member,Male,Electronic_accessories,8.55,9,4.04,80.8,2019-02-10,14:50,Credit_card,76.76,4.7619,4.04,6.7
330-68-6671,B,Naypyitaw,Normal,Female,Home_and_lifestyle,15.04,1,0.79,15.79,2019-03-12,12:50,Cash,15.0,4.7619,0.79,9.3
844-42-6662,B,Yangon,Member,Male,Home_and_lifestyle,74.32,3,11.71,234.11,2019-02-12,10:20,Credit_card,222.4,4.7619,11.71,6.4
396-33-4562,C,Naypyitaw,Normal,Male,Electronic_accessories,50.54,7,18.57,371.47,2019-02-28,14:39,Cash,352.9,4.7619,18.57,6.7
766-66-3296,A,Yangon,Normal,Female,Health_and_beauty,5.05,5,1.33,26.51,2019-01-17,21:19,Ewallet,25.18,4.7619,1.33,10.0
513-45-6137,B,Mandalay,Member,Female,Home_and_lifestyle,87.19,3,13.73,274.65,2019-01-16,14:21,Ewallet,260.92,4.7619,13.73,5.6
649-54-4889,C,Yangon,Normal,Female,Electronic_accessories,29.51,4,6.2,123.94,2019-01-04,15:13,Cash,117.74,4.7619,6.2,8.6
318-67-3391,C,Yangon,Normal,Female,Electronic_accessories,70.54,4,14.81,296.27,2019-01-31,16:41,Ewallet,281.46,4.7619,14.81,8.7
608-43-4048,C,Mandalay,Normal,Male,Electronic_accessories,42.66,5,11.2,223.97,2019-03-12,22:08,Credit_card,212.77,4.7619,11.2,6.4
101-88-4382,C,Yangon,Normal,Female,Home_and_lifestyle,99.93,2,10.49,209.85,2019-01-05,15:09,Cash,199.36,4.7619,10.49,9.8
376-56-3871,A,Naypyitaw,Member,Male,Home_and_lifestyle,93.91,10,49.3,986.05,2019-03-26,14:03,Credit_card,936.75,4.7619,49.3,9.9
256-86-5396,C,Naypyitaw,Member,Female,Home_and_lifestyle,8.83,2,0.93,18.54,2019-03-14,17:36,Credit_card,17.61,4.7619,0.93,9.0
604-14-1594,C,Naypyitaw,Member,Female,Electronic_accessories,75.3,5,19.77,395.32,2019-03-09,19:07,Ewallet,375.55,4.7619,19.77,5.6
447-54-3718,C,Mandalay,Member,Male,Health_and_beauty,68.25,7,25.08,501.64,2019-02-28,10:12,Credit_card,476.56,4.7619,25.08,7.5
307-86-2553,A,Yangon,Member,Male,Home_and_lifestyle,54.75,7,20.12,402.41,2019-03-04,19:15,Cash,382.29,4.7619,20.12,7.5
363-75-3141,B,Yangon,Normal,Female,Electronic_accessories,17.57,3,2.77,55.35,2019-01-18,13:40,Credit_card,52.58,4.7619,2.77,6.9
946-55-8987,B,Yangon,Normal,Female,Home_and_lifestyle,87.16,5,22.88,457.59,2019-02-28,18:34,Cash,434.71,4.7619,22.88,6.5
577-48-8639,C,Mandalay,Normal,Female,Home_and_lifestyle,69.86,4,14.67,293.41,2019-01-01,10:13,Credit_card,278.74,4.7619,14.67,6.8
845-80-7883,A,Mandalay,Normal,Male,Electronic_accessories,33.34,8,14.0,280.06,2019-03-17,19:40,Cash,266.06,4.7619,14.0,5.9
770-52-8090,C,Naypyitaw,Normal,Female,Electronic_accessories,58.65,5,15.4,307.91,2019-04-01,19:58,Cash,292.51,4.7619,15.4,7.3
153-34-6919,A,Mandalay,Member,Male,Electronic_accessories,46.55,8,19.55,391.02,2019-03-09,21:45,Cash,371.47,4.7619,19.55,8.4
527-19-9014,A,Yangon,Normal,Female,Health_and_beauty,19.85,7,7.3,145.9,2019-01-23,11:52,Credit_card,138.6,4.7619,7.3,6.0
268-14-7845,C,Yangon,Member,Male,Home_and_lifestyle,78.83,2,8.28,165.54,2019-02-23,15:23,Cash,157.26,4.7619,8.28,5.3
369-24-1746,A,Naypyitaw,Member,Female,Health_and_beauty,44.95,10,23.6,471.98,2019-03-18,15:12,Cash,448.38,4.7619,23.6,8.0
330-80-4847,A,Yangon,Normal,Male,Home_and_lifestyle,95.42,2,10.02,200.38,2019-02-12,14:49,Credit_card,190.36,4.7619,10.02,7.0
257-95-7831,B,Yangon,Member,Male,Health_and_beauty,6.54,9,3.09,61.8,2019-03-17,10:29,Credit_card,58.71,4.7619,3.09,7.2
893-10-7214,A,Yangon,Normal,Male,Health_and_beauty,53.45,2,5.61,112.25,2019-02-17,10:50,Credit_card,106.64,4.7619,5.61,6.0
332-86-5544,A,Yangon,Normal,Female,Home_and_lifestyle,70.59,9,33.35,667.08,2019-02-08,22:42,Cash,633.73,4.7619,33.35,6.5
782-32-4530,B,Naypyitaw,Member,Male,Home_and_lifestyle,45.11,9,21.31,426.29,2019-03-13,21:57,Cash,404.98,4.7619,21.31,5.3
800-48-4186,B,Mandalay,Normal,Male,Home_and_lifestyle,98.78,9,46.67,933.47,2019-03-12,11:53,Credit_card,886.8,4.7619,46.67,8.8
380-25-7554,C,Yangon,Normal,Male,Home_and_lifestyle,62.31,7,22.9,457.98,2019-01-07,17:36,Ewallet,435.08,4.7619,22.9,7.7
662-85-3465,B,Yangon,Normal,Female,Electronic_accessories,67.31,1,3.53,70.68,2019-03-11,14:28,Credit_card,67.15,4.7619,3.53,8.1
835-57-4809,C,Naypyitaw,Normal,Male,Health_and_beauty,67.91,6,21.39,427.83,2019-04-01,22:15,Cash,406.44,4.7619,21.39,6.0
618-15-5035,C,Yangon,Normal,Female,Home_and_lifestyle,83.05,8,34.88,697.62,2019-02-07,20:29,Ewallet,662.74,4.7619,34.88,6.2
758-34-8325,A,Mandalay,Normal,Male,Electronic_accessories,28.57,8,12.0,239.99,2019-01-18,17:32,Ewallet,227.99,4.7619,12.0,6.4
370-39-5377,C,Naypyitaw,Normal,Male,Electronic_accessories,9.36,3,1.47,29.48,2019-03-27,13:05,Cash,28.01,4.7619,1.47,5.5
871-37-8137,C,Mandalay,Normal,Female,Home_and_lifestyle,31.93,3,5.03,100.58,2019-02-02,17:32,Credit_card,95.55,4.7619,5.03,8.2
714-20-4205,B,Naypyitaw,Normal,Female,Electronic_accessories,45.51,2,4.78,95.57,2019-01-22,14:02,Credit_card,90.79,4.7619,4.78,6.1
684-83-1210,C,Mandalay,Member,Female,Electronic_accessories,44.73,8,18.79,375.73,2019-02-20,17:43,Cash,356.94,4.7619,18.79,6.7
399-28-7923,C,Naypyitaw,Normal,Female,Electronic_accessories,67.35,7,24.75,495.02,2019-03-16,13:21,Credit_card,470.27,4.7619,24.75,7.9
437-31-3108,A,Yangon,Normal,Male,Home_and_lifestyle,23.11,2,2.43,48.53,2019-02-15,14:23,Credit_card,46.1,4.7619,2.43,7.9
631-14-2284,C,Naypyitaw,Member,Male,Electronic_accessories,10.77,3,1.7,33.93,2019-03-04,14:13,Cash,32.23,4.7619,1.7,10.0
446-86-5080,A,Yangon,Member,Female,Health_and_beauty,45.05,10,23.65,473.03,2019-02-09,15:22,Credit_card,449.38,4.7619,23.65,5.7
642-97-4370,B,Naypyitaw,Member,Male,Electronic_accessories,55.43,6,17.46,349.21,2019-02-02,14:55,Credit_card,331.75,4.7619,17.46,6.1
595-28-2197,C,Yangon,Member,Male,Health_and_beauty,78.66,4,16.52,330.37,2019-03-04,10:54,Ewallet,313.85,4.7619,16.52,7.6
985-72-8450,A,Naypyitaw,Normal,Female,Electronic_accessories,57.85,8,24.3,485.94,2019-03-18,19:34,Cash,461.64,4.7619,24.3,9.4
914-81-7471,C,Mandalay,Member,Female,Health_and_beauty,65.15,8,27.36,547.26,2019-02-08,14:42,Cash,519.9,4.7619,27.36,5.8
357-30-3160,A,Yangon,Normal,Male,Electronic_accessories,8.37,6,2.64,52.73,2019-01-13,19:14,Ewallet,50.09,4.7619,2.64,6.3
310-85-2496,A,Naypyitaw,Normal,Female,Health_and_beauty,63.06,1,3.31,66.21,2019-03-20,21:11,Cash,62.9,4.7619,3.31,7.2
576-25-4631,A,Yangon,Normal,Male,Home_and_lifestyle,97.09,9,45.88,917.5,2019-02-15,14:18,Ewallet,871.62,4.7619,45.88,8.4
870-24-1670,B,Mandalay,Member,Female,Health_and_beauty,71.58,8,30.06,601.27,2019-02-26,22:17,Cash,571.21,4.7619,30.06,6.7
617-44-1046,C,Yangon,Member,Female,Electronic_accessories,13.08,9,6.18,123.61,2019-03-06,13:47,Credit_card,117.43,4.7619,6.18,8.9
350-35-8334,C,Naypyitaw,Member,Female,Electronic_accessories,18.13,6,5.71,114.22,2019-03-06,15:26,Ewallet,108.51,4.7619,5.71,7.6
795-23-1704,C,Yangon,Member,Male,Home_and_lifestyle,61.2,8,25.7,514.08,2019-02-23,18:09,Cash,488.38,4.7619,25.7,7.6
614-83-1864,B,Yangon,Member,Male,Health_and_beauty,67.69,7,24.88,497.52,2019-02-26,13:31,Ewallet,472.64,4.7619,24.88,6.1
625-40-2744,B,Mandalay,Normal,Male,Health_and_beauty,93.68,2,9.84,196.73,2019-03-06,10:01,Cash,186.89,4.7619,9.84,8.2
372-90-6582,A,Yangon,Member,Male,Home_and_lifestyle,23.86,2,2.51,50.11,2019-02-23,16:47,Cash,47.6,4.7619,2.51,7.1
905-57-9163,C,Yangon,Normal,Female,Home_and_lifestyle,14.03,4,2.95,58.93,2019-03-15,16:27,Ewallet,55.98,4.7619,2.95,9.6
813-87-9833,A,Yangon,Normal,Male,Home_and_lifestyle,24.36,3,3.84,76.73,2019-01-12,11:39,Cash,72.89,4.7619,3.84,9.9
655-12-7976,C,Naypyitaw,Member,Female,Health_and_beauty,15.51,6,4.89,97.71,2019-01-21,19:15,Ewallet,92.82,4.7619,4.89,5.3
833-69-8801,B,Mandalay,Member,Female,Home_and_lifestyle,71.11,9,33.6,671.99,2019-02-06,11:31,Cash,638.39,4.7619,33.6,7.9
292-28-5847,B,Naypyitaw,Normal,Male,Home_and_lifestyle,70.11,8,29.45,588.92,2019-03-19,11:48,Cash,559.47,4.7619,29.45,8.1
246-95-6919,A,Naypyitaw,Member,Female,Home_and_lifestyle,47.35,9,22.37,447.46,2019-04-01,11:36,Cash,425.09,4.7619,22.37,8.2
527-27-8555,A,Yangon,Member,Male,Health_and_beauty,64.53,3,10.16,203.27,2019-01-25,15:47,Credit_card,193.11,4.7619,10.16,9.2
818-84-4859,C,Mandalay,Member,Female,Electronic_accessories,70.23,10,36.87,737.42,2019-01-07,13:57,Ewallet,700.55,4.7619,36.87,7.5
635-88-6418,A,Mandalay,Member,Male,Electronic_accessories,20.81,9,9.83,196.65,2019-02-24,19:20,Credit_card,186.82,4.7619,9.83,5.3
120-25-7254,C,Yangon,Member,Male,Health_and_beauty,23.44,10,12.31,246.12,2019-02-03,11:45,Credit_card,233.81,4.7619,12.31,6.0
197-66-6045,A,Yangon,Normal,Male,Health_and_beauty,46.31,9,21.88,437.63,2019-03-15,11:43,Credit_card,415.75,4.7619,21.88,9.8
420-77-5560,A,Naypyitaw,Member,Male,Home_and_lifestyle,67.65,6,21.31,426.2,2019-01-25,20:16,Cash,404.89,4.7619,21.31,7.6
377-57-4882,A,Yangon,Normal,Male,Electronic_accessories,19.06,5,5.0,100.06,2019-02-13,22:36,Cash,95.06,4.7619,5.0,7.9
633-91-1019,B,Yangon,Member,Male,Health_and_beauty,53.68,10,28.18,563.64,2019-03-31,12:39,Credit_card,535.46,4.7619,28.18,6.5
835-45-6504,C,Mandalay,Member,Male,Electronic_accessories,57.18,2,6.0,120.08,2019-03-22,10:42,Cash,114.08,4.7619,6.0,5.1
598-12-9424,C,Mandalay,Normal,Female,Home_and_lifestyle,84.05,1,4.41,88.25,2019-02-24,13:23,Cash,83.84,4.7619,4.41,7.1
708-16-8860,A,Yangon,Normal,Female,Health_and_beauty,54.1,10,28.4,568.05,2019-02-09,22:21,Credit_card,539.65,4.7619,28.4,5.1
319-83-4899,B,Yangon,Member,Female,Electronic_accessories,84.34,1,4.43,88.56,2019-02-14,11:02,Credit_card,84.13,4.7619,4.43,5.9
947-51-4115,C,Mandalay,Normal,Female,Electronic_accessories,91.3,6,28.76,575.19,2019-03-01,19:11,Credit_card,546.43,4.7619,28.76,7.8
868-56-9283,B,Mandalay,Normal,Female,Home_and_lifestyle,33.69,10,17.69,353.75,2019-02-28,14:45,Credit_card,336.06,4.7619,17.69,7.9
119-73-6866,A,Mandalay,Member,Male,Electronic_accessories,27.36,4,5.75,114.91,2019-01-20,17:27,Ewallet,109.16,4.7619,5.75,8.8
618-92-8243,A,Mandalay,Normal,Female,Electronic_accessories,96.47,2,10.13,202.59,2019-01-27,22:10,Credit_card,192.46,4.7619,10.13,7.3
471-81-2361,A,Mandalay,Normal,Male,Health_and_beauty,49.49,4,10.39,207.86,2019-03-09,19:35,Ewallet,197.47,4.7619,10.39,6.8
640-71-4342,A,Naypyitaw,Normal,Male,Electronic_accessories,91.32,6,28.77,575.32,2019-02-06,15:03,Cash,546.55,4.7619,28.77,6.9
485-35-1647,A,Naypyitaw,Normal,Male,Home_and_lifestyle,57.92,9,27.37,547.34,2019-03-06,10:07,Credit_card,519.97,4.7619,27.37,5.3
569-26-8676,B,Mandalay,Normal,Female,Home_and_lifestyle,55.86,7,20.53,410.57,2019-02-09,16:24,Ewallet,390.04,4.7619,20.53,5.0
951-16-5761,B,Naypyitaw,Normal,Male,Electronic_accessories,18.03,7,6.63,132.52,2019-02-14,14:17,Credit_card,125.89,4.7619,6.63,5.1
294-10-7874,B,Mandalay,Normal,Male,Health_and_beauty,93.86,4,19.71,394.21,2019-03-04,17:33,Ewallet,374.5,4.7619,19.71,6.2
656-99-2897,A,Yangon,Normal,Male,Home_and_lifestyle,12.58,1,0.66,13.21,2019-03-06,21:41,Ewallet,12.55,4.7619,0.66,8.9
369-83-1952,C,Naypyitaw,Member,Male,Home_and_lifestyle,40.12,2,4.21,84.25,2019-01-09,17:15,Cash,80.04,4.7619,4.21,8.8
735-80-5105,A,Mandalay,Member,Male,Electronic_accessories,91.21,2,9.58,191.54,2019-03-15,16:04,Ewallet,181.96,4.7619,9.58,9.7
430-85-3519,A,Naypyitaw,Normal,Female,Electronic_accessories,10.49,10,5.51,110.15,2019-03-22,18:34,Credit_card,104.64,4.7619,5.51,7.0
558-58-7073,B,Mandalay,Normal,Female,Health_and_beauty,11.32,5,2.97,59.43,2019-03-27,11:54,Credit_card,56.46,4.7619,2.97,9.5
410-96-5436,A,Yangon,Member,Male,Electronic_accessories,90.1,8,37.84,756.84,2019-01-03,17:29,Cash,719.0,4.7619,37.84,7.0
805-17-1371,B,Mandalay,Member,Male,Home_and_lifestyle,14.1,8,5.92,118.44,2019-02-15,12:28,Credit_card,112.52,4.7619,5.92,6.3
860-80-5821,C,Naypyitaw,Normal,Male,Electronic_accessories,42.87,5,11.25,225.07,2019-03-24,15:04,Ewallet,213.82,4.7619,11.25,7.6
220-96-7341,C,Naypyitaw,Normal,Male,Home_and_lifestyle,37.71,8,15.84,316.76,2019-01-06,16:17,Credit_card,300.92,4.7619,15.84,6.5
127-28-2064,C,Naypyitaw,Member,Female,Home_and_lifestyle,13.59,10,7.13,142.7,2019-01-28,22:48,Credit_card,135.57,4.7619,7.13,8.6
914-49-3458,B,Naypyitaw,Member,Male,Home_and_lifestyle,53.52,6,16.86,337.18,2019-01-01,22:10,Ewallet,320.32,4.7619,16.86,6.9
167-17-3073,A,Yangon,Normal,Male,Home_and_lifestyle,21.42,4,4.5,89.96,2019-03-20,19:35,Cash,85.46,4.7619,4.5,8.5
885-49-9592,A,Mandalay,Normal,Male,Electronic_accessories,63.83,7,23.46,469.15,2019-03-30,19:20,Ewallet,445.69,4.7619,23.46,6.4
649-96-9238,B,Naypyitaw,Normal,Male,Electronic_accessories,43.44,3,6.84,136.84,2019-03-25,22:33,Cash,130.0,4.7619,6.84,8.2
264-94-7865,C,Mandalay,Normal,Female,Home_and_lifestyle,97.25,10,51.06,1021.12,2019-01-07,17:52,Ewallet,970.06,4.7619,51.06,7.9
218-86-9325,C,Mandalay,Member,Male,Electronic_accessories,44.28,6,13.95,278.96,2019-02-08,20:15,Credit_card,265.01,4.7619,13.95,9.7
530-77-5821,B,Mandalay,Normal,Male,Home_and_lifestyle,26.07,8,10.95,218.99,2019-02-13,11:24,Ewallet,208.04,4.7619,10.95,5.8
798-78-6537,C,Mandalay,Member,Male,Electronic_accessories,41.3,8,17.35,346.92,2019-01-09,21:12,Credit_card,329.57,4.7619,17.35,5.8
825-61-8329,C,Yangon,Member,Male,Electronic_accessories,98.77,8,41.48,829.67,2019-03-07,14:00,Credit_card,788.19,4.7619,41.48,7.8
925-65-2503,B,Mandalay,Normal,Female,Electronic_accessories,8.74,7,3.21,64.24,2019-02-24,16:43,Credit_card,61.03,4.7619,3.21,9.0
292-72-7343,B,Naypyitaw,Member,Male,Health_and_beauty,60.69,7,22.3,446.07,2019-01-18,10:50,Cash,423.77,4.7619,22.3,6.7
578-62-8301,B,Mandalay,Member,Male,Electronic_accessories,47.88,8,20.11,402.19,2019-01-17,11:30,Cash,382.08,4.7619,20.11,9.9
182-31-7805,B,Mandalay,Member,Male,Home_and_lifestyle,20.91,2,2.2,43.91,2019-02-17,15:57,Cash,41.71,4.7619,2.2,8.4
128-35-8084,B,Naypyitaw,Normal,Male,Home_and_lifestyle,5.17,7,1.9,38.0,2019-03-27,13:16,Credit_card,36.1,4.7619,1.9,7.9
437-22-8301,C,Naypyitaw,Normal,Male,Electronic_accessories,90.64,3,14.28,285.52,2019-03-21,13:24,Ewallet,271.24,4.7619,14.28,5.3
214-55-8914,C,Mandalay,Member,Male,Health_and_beauty,66.4,6,20.92,418.32,2019-01-20,22:51,Cash,397.4,4.7619,20.92,5.2
333-46-7070,A,Mandalay,Normal,Male,Home_and_lifestyle,70.05,8,29.42,588.42,2019-01-06,19:05,Ewallet,559.0,4.7619,29.42,7.5
470-98-9971,A,Mandalay,Normal,Male,Electronic_accessories,75.12,4,15.78,315.5,2019-01-25,14:23,Cash,299.72,4.7619,15.78,6.2
141-37-9060,C,Yangon,Normal,Male,Health_and_beauty,8.38,6,2.64,52.79,2019-03-16,13:50,Cash,50.15,4.7619,2.64,10.0
958-97-1707,A,Yangon,Normal,Female,Electronic_accessories,18.62,8,7.82,156.41,2019-01-12,17:08,Credit_card,148.59,4.7619,7.82,6.7
865-63-3552,B,Mandalay,Normal,Male,Electronic_accessories,21.32,7,7.83,156.7,2019-03-16,13:43,Cash,148.87,4.7619,7.83,5.7
865-90-1859,B,Mandalay,Member,Female,Electronic_accessories,64.46,9,30.46,609.15,2019-01-02,20:09,Ewallet,578.69,4.7619,30.46,5.3
289-63-2805,C,Naypyitaw,Member,Male,Health_and_beauty,68.69,3,10.82,216.37,2019-03-12,12:46,Cash,205.55,4.7619,10.82,5.6
578-72-7372,A,Mandalay,Normal,Female,Electronic_accessories,60.75,9,28.7,574.09,2019-01-24,14:06,Credit_card,545.39,4.7619,28.7,8.5
364-32-5865,C,Yangon,Normal,Female,Electronic_accessories,73.33,6,23.1,461.98,2019-03-17,12:23,Credit_card,438.88,4.7619,23.1,7.5
528-11-9039,C,Naypyitaw,Normal,Male,Home_and_lifestyle,54.75,4,11.5,229.95,2019-03-02,17:39,Ewallet,218.45,4.7619,11.5,7.2
768-64-4043,B,Mandalay,Member,Female,Electronic_accessories,98.17,10,51.54,1030.79,2019-01-12,19:06,Cash,979.25,4.7619,51.54,7.8
236-49-1623,C,Mandalay,Normal,Male,Home_and_lifestyle,81.73,8,34.33,686.53,2019-01-21,18:25,Credit_card,652.2,4.7619,34.33,6.2
801-80-8599,C,Mandalay,Member,Male,Home_and_lifestyle,97.85,10,51.37,1027.42,2019-02-07,12:55,Credit_card,976.05,4.7619,51.37,8.6
380-12-2492,A,Naypyitaw,Normal,Male,Home_and_lifestyle,74.79,5,19.63,392.65,2019-03-13,22:48,Ewallet,373.02,4.7619,19.63,8.9
370-16-4613,B,Mandalay,Member,Male,Home_and_lifestyle,13.93,8,5.85,117.01,2019-03-24,18:00,Ewallet,111.16,4.7619,5.85,7.7
845-21-7588,A,Yangon,Member,Female,Electronic_accessories,94.91,8,39.86,797.24,2019-02-08,11:45,Ewallet,757.38,4.7619,39.86,6.6
811-66-2772,B,Yangon,Normal,Male,Health_and_beauty,81.01,10,42.53,850.61,2019-03-18,12:15,Credit_card,808.08,4.7619,42.53,9.1
300-51-7984,B,Yangon,Member,Male,Electronic_accessories,34.83,3,5.49,109.71,2019-01-24,21:24,Ewallet,104.22,4.7619,5.49,9.0
817-82-4640,C,Mandalay,Normal,Male,Health_and_beauty,88.18,8,37.04,740.71,2019-03-20,10:28,Ewallet,703.67,4.7619,37.04,7.9
464-69-4201,B,Yangon,Member,Female,Home_and_lifestyle,61.35,6,19.33,386.51,2019-01-12,18:47,Credit_card,367.18,4.7619,19.33,5.7
725-56-3456,B,Yangon,Member,Male,Electronic_accessories,20.97,4,4.4,88.07,2019-01-16,22:04,Cash,83.67,4.7619,4.4,9.4
571-71-4224,A,Mandalay,Member,Female,Electronic_accessories,91.33,3,14.38,287.69,2019-02-07,20:02,Cash,273.31,4.7619,14.38,7.8
527-57-7582,B,Mandalay,Member,Male,Health_and_beauty,9.79,2,1.03,20.56,2019-02-01,12:20,Ewallet,19.53,4.7619,1.03,6.7
944-50-3037,C,Yangon,Normal,Male,Electronic_accessories,70.34,4,14.77,295.43,2019-01-22,12:19,Credit_card,280.66,4.7619,14.77,9.7
625-95-9730,A,Naypyitaw,Normal,Male,Home_and_lifestyle,28.02,6,8.83,176.53,2019-02-26,21:44,Ewallet,167.7,4.7619,8.83,6.6
152-83-1455,A,Mandalay,Normal,Male,Electronic_accessories,72.65,5,19.07,381.41,2019-02-19,17:06,Credit_card,362.34,4.7619,19.07,7.7
837-68-5501,C,Yangon,Normal,Female,Health_and_beauty,31.26,8,13.13,262.58,2019-02-01,12:54,Credit_card,249.45,4.7619,13.13,9.3
467-14-5479,C,Naypyitaw,Normal,Female,Home_and_lifestyle,78.24,3,12.32,246.46,2019-01-31,12:52,Cash,234.14,4.7619,12.32,6.5
754-37-3858,C,Naypyitaw,Normal,Male,Electronic_accessories,30.34,8,12.74,254.86,2019-03-06,15:11,Credit_card,242.12,4.7619,12.74,7.7
278-59-7111,A,Mandalay,Normal,Male,Home_and_lifestyle,98.82,8,41.5,830.09,2019-03-16,20:03,Ewallet,788.59,4.7619,41.5,8.2
750-75-9090,B,Yangon,Normal,Male,Health_and_beauty,23.05,6,7.26,145.22,2019-02-07,20:30,Ewallet,137.96,4.7619,7.26,5.9
241-80-2556,B,Naypyitaw,Member,Female,Electronic_accessories,37.26,7,13.69,273.86,2019-03-05,15:24,Cash,260.17,4.7619,13.69,9.9
728-67-3015,A,Mandalay,Member,Female,Electronic_accessories,99.97,3,15.75,314.91,2019-03-04,12:59,Ewallet,299.16,4.7619,15.75,9.1
971-79-5467,A,Yangon,Normal,Female,Electronic_accessories,37.31,7,13.71,274.23,2019-01-02,14:36,Ewallet,260.52,4.7619,13.71,7.0
253-18-2215,B,Yangon,Member,Female,Electronic_accessories,68.9,6,21.7,434.07,2019-03-29,16:14,Ewallet,412.37,4.7619,21.7,9.1
108-10-8371,C,Yangon,Normal,Female,Home_and_lifestyle,50.25,5,13.19,263.81,2019-01-20,16:47,Credit_card,250.62,4.7619,13.19,5.6
295-28-6011,B,Mandalay,Member,Female,Home_and_lifestyle,9.46,5,2.48,49.67,2019-01-15,19:08,Ewallet,47.19,4.7619,2.48,5.3
609-40-5267,A,Mandalay,Member,Male,Health_and_beauty,92.77,3,14.61,292.23,2019-03-14,14:14,Credit_card,277.62,4.7619,14.61,8.8
893-87-2892,C,Mandalay,Normal,Female,Home_and_lifestyle,79.04,10,41.5,829.92,2019-02-16,22:00,Credit_card,788.42,4.7619,41.5,8.4
828-25-2299,B,Mandalay,Member,Female,Electronic_accessories,82.51,8,34.65,693.08,2019-01-26,17:53,Ewallet,658.43,4.7619,34.65,9.6
108-53-9315,C,Naypyitaw,Member,Female,Electronic_accessories,86.6,1,4.55,90.93,2019-03-06,20:42,Cash,86.38,4.7619,4.55,6.5
135-37-4498,B,Mandalay,Normal,Female,Home_and_lifestyle,23.52,4,4.94,98.78,2019-01-22,14:50,Ewallet,93.84,4.7619,4.94,5.2
704-70-5782,B,Naypyitaw,Normal,Male,Electronic_accessories,43.87,10,23.03,460.63,2019-02-14,17:56,Ewallet,437.6,4.7619,23.03,6.2
837-36-9188,C,Mandalay,Normal,Male,Health_and_beauty,83.36,6,26.26,525.17,2019-02-19,15:32,Cash,498.91,4.7619,26.26,6.4
421-39-1312,C,Mandalay,Normal,Male,Electronic_accessories,79.96,10,41.98,839.58,2019-02-04,11:04,Ewallet,797.6,4.7619,41.98,6.6
837-39-4210,C,Naypyitaw,Member,Male,Home_and_lifestyle,12.26,5,3.22,64.36,2019-01-09,12:45,Credit_card,61.14,4.7619,3.22,9.1
663-86-5152,B,Mandalay,Member,Male,Electronic_accessories,81.83,9,38.66,773.29,2019-03-25,14:47,Credit_card,734.63,4.7619,38.66,9.8
399-70-3091,A,Mandalay,Member,Female,Home_and_lifestyle,59.75,2,6.27,125.48,2019-01-25,17:43,Cash,119.21,4.7619,6.27,6.3
451-53-6957,A,Yangon,Member,Male,Electronic_accessories,18.73,2,1.97,39.33,2019-02-11,13:42,Credit_card,37.36,4.7619,1.97,7.9
429-11-4441,B,Naypyitaw,Normal,Male,Electronic_accessories,41.3,10,21.68,433.65,2019-01-09,18:55,Ewallet,411.97,4.7619,21.68,8.5
180-27-1616,B,Yangon,Member,Male,Home_and_lifestyle,17.57,3,2.77,55.35,2019-03-18,21:59,Credit_card,52.58,4.7619,2.77,6.3
316-52-4743,A,Yangon,Member,Female,Health_and_beauty,23.72,10,12.45,249.06,2019-01-24,12:45,Cash,236.61,4.7619,12.45,6.5
711-30-4096,A,Yangon,Member,Male,Home_and_lifestyle,89.08,4,18.71,374.14,2019-02-11,10:33,Ewallet,355.43,4.7619,18.71,6.5
151-94-8040,A,Mandalay,Member,Female,Electronic_accessories,6.3,9,2.98,59.53,2019-01-20,16:53,Ewallet,56.55,4.7619,2.98,7.5
542-69-7718,B,Yangon,Normal,Female,Health_and_beauty,63.24,3,9.96,199.21,2019-02-04,17:49,Cash,189.25,4.7619,9.96,9.6
990-27-1571,C,Naypyitaw,Member,Female,Home_and_lifestyle,10.22,4,2.15,42.92,2019-02-19,12:33,Ewallet,40.77,4.7619,2.15,9.1
534-74-7207,A,Mandalay,Normal,Female,Health_and_beauty,58.39,4,12.26,245.24,2019-01-23,20:51,Credit_card,232.98,4.7619,12.26,9.5
471-68-4110,C,Naypyitaw,Member,Female,Electronic_accessories,59.39,7,21.83,436.52,2019-01-16,18:55,Cash,414.69,4.7619,21.83,5.6
902-19-7405,C,Yangon,Normal,Female,Home_and_lifestyle,80.6,1,4.23,84.63,2019-03-26,17:08,Ewallet,80.4,4.7619,4.23,7.2
816-10-2496,C,Naypyitaw,Normal,Male,Health_and_beauty,29.54,3,4.65,93.05,2019-03-23,20:52,Cash,88.4,4.7619,4.65,8.9
909-53-2707,A,Yangon,Normal,Male,Health_and_beauty,55.77,6,17.57,351.35,2019-02-17,22:38,Ewallet,333.78,4.7619,17.57,8.3
181-99-7974,C,Mandalay,Normal,Female,Health_and_beauty,70.33,8,29.54,590.77,2019-02-03,17:51,Ewallet,561.23,4.7619,29.54,7.9
627-53-2797,C,Naypyitaw,Member,Male,Electronic_accessories,51.43,1,2.7,54.0,2019-01-03,13:36,Cash,51.3,4.7619,2.7,7.3
214-25-3964,C,Mandalay,Member,Female,Home_and_lifestyle,48.65,3,7.66,153.25,2019-02-18,14:07,Credit_card,145.59,4.7619,7.66,8.0
920-93-1688,C,Yangon,Normal,Male,Electronic_accessories,16.41,4,3.45,68.92,2019-02-15,21:25,Cash,65.47,4.7619,3.45,8.7
824-78-6618,B,Mandalay,Normal,Male,Electronic_accessories,65.3,3,10.28,205.69,2019-03-18,17:20,Credit_card,195.41,4.7619,10.28,5.6
577-65-2723,A,Mandalay,Member,Male,Home_and_lifestyle,70.63,7,25.96,519.13,2019-01-26,13:24,Cash,493.17,4.7619,25.96,6.3
975-72-1644,C,Mandalay,Normal,Female,Home_and_lifestyle,92.27,8,38.75,775.07,2019-02-20,14:31,Ewallet,736.32,4.7619,38.75,6.6
596-75-5936,C,Yangon,Normal,Female,Electronic_accessories,21.14,8,8.88,177.58,2019-03-05,14:39,Cash,168.7,4.7619,8.88,6.9
849-59-8642,B,Naypyitaw,Normal,Female,Home_and_lifestyle,79.62,8,33.44,668.81,2019-01-29,21:28,Cash,635.37,4.7619,33.44,8.6
506-24-1402,B,Mandalay,Member,Female,Health_and_beauty,39.96,4,8.39,167.83,2019-03-27,10:53,Ewallet,159.44,4.7619,8.39,6.5
490-88-1078,C,Naypyitaw,Member,Female,Home_and_lifestyle,47.31,6,14.9,298.05,2019-02-14,22:44,Credit_card,283.15,4.7619,14.9,5.5
246-53-4432,B,Yangon,Normal,Male,Electronic_accessories,16.68,4,3.5,70.06,2019-03-26,13:47,Cash,66.56,4.7619,3.5,8.7
601-80-2106,C,Naypyitaw,Normal,Female,Health_and_beauty,98.7,8,41.45,829.08,2019-02-01,19:41,Ewallet,787.63,4.7619,41.45,6.8
906-64-7943,C,Mandalay,Normal,Female,Health_and_beauty,51.6,8,21.67,433.44,2019-03-26,20:18,Credit_card,411.77,4.7619,21.67,9.3
759-30-3019,C,Mandalay,Member,Female,Electronic_accessories,28.87,1,1.52,30.31,2019-03-06,11:18,Ewallet,28.79,4.7619,1.52,6.4
515-36-4441,A,Naypyitaw,Normal,Female,Home_and_lifestyle,43.38,5,11.39,227.75,2019-01-22,20:01,Cash,216.36,4.7619,11.39,9.2
354-55-3640,C,Yangon,Member,Female,Health_and_beauty,11.68,2,1.23,24.53,2019-02-16,12:47,Credit_card,23.3,4.7619,1.23,5.1
243-40-6380,A,Yangon,Normal,Male,Health_and_beauty,32.64,1,1.71,34.27,2019-03-12,22:38,Cash,32.56,4.7619,1.71,5.1
589-35-6634,C,Naypyitaw,Member,Male,Electronic_accessories,67.81,8,28.48,569.6,2019-02-10,17:31,Cash,541.12,4.7619,28.48,5.8
690-88-1002,A,Naypyitaw,Normal,Female,Home_and_lifestyle,6.07,6,1.91,38.24,2019-03-20,14:39,Cash,36.33,4.7619,1.91,9.3
419-88-5110,B,Mandalay,Normal,Female,Electronic_accessories,91.9,1,4.83,96.5,2019-01-03,16:20,Ewallet,91.67,4.7619,4.83,9.7
266-15-3005,A,Yangon,Member,Male,Home_and_lifestyle,85.91,1,4.51,90.21,2019-01-17,21:46,Credit_card,85.7,4.7619,4.51,5.7
410-66-4569,C,Mandalay,Member,Male,Electronic_accessories,79.64,5,20.91,418.11,2019-01-14,22:14,Ewallet,397.2,4.7619,20.91,9.4
925-36-2708,A,Mandalay,Member,Female,Health_and_beauty,62.09,4,13.04,260.78,2019-03-10,20:56,Credit_card,247.74,4.7619,13.04,6.1
186-80-1974,A,Naypyitaw,Member,Male,Home_and_lifestyle,51.36,8,21.57,431.42,2019-03-29,16:48,Ewallet,409.85,4.7619,21.57,5.5
511-97-8525,C,Mandalay,Member,Male,Electronic_accessories,64.62,6,20.36,407.11,2019-03-11,13:09,Cash,386.75,4.7619,20.36,5.4
123-51-9588,A,Yangon,Normal,Male,Health_and_beauty,23.37,9,11.04,220.85,2019-01-07,15:11,Credit_card,209.81,4.7619,11.04,6.5
850-98-7860,C,Yangon,Normal,Female,Electronic_accessories,93.21,8,39.15,782.96,2019-02-28,17:20,Cash,743.81,4.7619,39.15,8.7
958-77-9909,C,Mandalay,Member,Female,Electronic_accessories,58.57,9,27.67,553.49,2019-02-05,15:59,Cash,525.82,4.7619,27.67,6.1
537-55-7172,C,Naypyitaw,Normal,Male,Home_and_lifestyle,72.43,3,11.41,228.15,2019-03-17,20:14,Credit_card,216.74,4.7619,11.41,6.0
638-51-3219,C,Naypyitaw,Normal,Male,Electronic_accessories,22.48,6,7.08,141.62,2019-03-26,10:03,Credit_card,134.54,4.7619,7.08,9.3
939-82-3851,B,Naypyitaw,Normal,Female,Electronic_accessories,43.68,3,6.88,137.59,2019-03-02,22:00,Credit_card,130.71,4.7619,6.88,5.8
741-99-1594,C,Mandalay,Normal,Female,Health_and_beauty,97.91,1,5.14,102.81,2019-03-19,15:01,Cash,97.67,4.7619,5.14,5.7
849-82-7509,B,Yangon,Member,Male,Health_and_beauty,12.3,10,6.46,129.15,2019-01-06,16:10,Cash,122.69,4.7619,6.46,6.5
532-29-7260,B,Naypyitaw,Member,Female,Electronic_accessories,91.99,4,19.32,386.36,2019-03-04,11:34,Credit_card,367.04,4.7619,19.32,7.7
996-82-5450,C,Yangon,Member,Male,Health_and_beauty,9.96,10,5.23,104.58,2019-03-03,20:51,Credit_card,99.35,4.7619,5.23,9.9
285-29-1842,B,Naypyitaw,Normal,Female,Electronic_accessories,70.4,3,11.09,221.76,2019-01-26,17:50,Ewallet,210.67,4.7619,11.09,7.6
755-62-3585,B,Naypyitaw,Normal,Male,Home_and_lifestyle,47.53,7,17.47,349.35,2019-02-27,14:46,Cash,331.88,4.7619,17.47,5.1
245-95-2580,A,Yangon,Normal,Female,Electronic_accessories,92.84,2,9.75,194.96,2019-03-26,20:57,Cash,185.21,4.7619,9.75,6.6
988-18-7081,A,Yangon,Member,Male,Home_and_lifestyle,85.54,3,13.47,269.45,2019-01-30,19:23,Ewallet,255.98,4.7619,13.47,10.0
717-88-5309,B,Yangon,Member,Female,Health_and_beauty,28.87,8,12.13,242.51,2019-03-21,20:02,Ewallet,230.38,4.7619,12.13,7.5
116-16-3619,B,Yangon,Member,Male,Electronic_accessories,35.24,6,11.1,222.01,2019-03-05,17:35,Credit_card,210.91,4.7619,11.1,9.1
502-61-6730,B,Mandalay,Member,Male,Health_and_beauty,79.55,6,25.06,501.16,2019-01-16,21:07,Ewallet,476.1,4.7619,25.06,5.2
442-72-5828,C,Naypyitaw,Member,Female,Home_and_lifestyle,41.19,2,4.33,86.5,2019-03-28,19:33,Credit_card,82.17,4.7619,4.33,9.6
616-78-6310,B,Naypyitaw,Normal,Male,Home_and_lifestyle,94.11,8,39.53,790.52,2019-02-07,14:01,Credit_card,750.99,4.7619,39.53,9.3
115-44-3076,B,Mandalay,Normal,Female,Health_and_beauty,61.37,7,22.55,451.07,2019-02-14,14:42,Ewallet,428.52,4.7619,22.55,5.8
492-94-9914,C,Yangon,Normal,Male,Electronic_accessories,31.01,10,16.28,325.61,2019-03-31,16:47,Cash,309.33,4.7619,16.28,7.1
595-25-7919,C,Yangon,Member,Female,Health_and_beauty,49.17,2,5.16,103.26,2019-03-08,10:55,Cash,98.1,4.7619,5.16,6.3
772-78-1354,C,Mandalay,Normal,Male,Electronic_accessories,78.71,1,4.13,82.65,2019-01-27,13:42,Credit_card,78.52,4.7619,4.13,5.7
178-86-5360,C,Mandalay,Member,Female,Home_and_lifestyle,86.68,6,27.3,546.08,2019-01-28,18:43,Ewallet,518.78,4.7619,27.3,6.7
398-58-6628,A,Naypyitaw,Normal,Female,Electronic_accessories,99.14,4,20.82,416.39,2019-03-13,16:46,Cash,395.57,4.7619,20.82,5.6
840-55-3891,C,Yangon,Normal,Female,Health_and_beauty,5.48,7,2.01,40.28,2019-01-23,14:18,Cash,38.27,4.7619,2.01,6.2
885-73-7729,B,Yangon,Normal,Male,Health_and_beauty,87.65,10,46.02,920.33,2019-02-15,10:33,Ewallet,874.31,4.7619,46.02,9.4
110-87-9540,A,Mandalay,Member,Male,Electronic_accessories,20.06,3,3.16,63.19,2019-01-24,11:53,Cash,60.03,4.7619,3.16,9.6
822-87-3396,B,Yangon,Normal,Male,Home_and_lifestyle,50.4,1,2.65,52.92,2019-01-12,19:18,Cash,50.27,4.7619,2.65,7.2
494-63-2411,B,Naypyitaw,Normal,Male,Electronic_accessories,34.16,9,16.14,322.81,2019-01-30,21:18,Credit_card,306.67,4.7619,16.14,6.0
537-38-3568,B,Yangon,Normal,Female,Home_and_lifestyle,67.76,5,17.79,355.74,2019-03-22,16:17,Ewallet,337.95,4.7619,17.79,8.9
524-78-5202,A,Naypyitaw,Member,Male,Health_and_beauty,29.52,9,13.95,278.96,2019-02-06,12:22,Cash,265.01,4.7619,13.95,8.4
290-75-3832,A,Mandalay,Member,Female,Electronic_accessories,23.15,2,2.43,48.62,2019-01-16,18:14,Credit_card,46.19,4.7619,2.43,9.5
351-91-5564,C,Mandalay,Normal,Female,Electronic_accessories,71.21,1,3.74,74.77,2019-01-08,22:50,Credit_card,71.03,4.7619,3.74,9.7
515-86-3513,C,Naypyitaw,Member,Female,Health_and_beauty,63.04,7,23.17,463.34,2019-01-06,18:14,Credit_card,440.17,4.7619,23.17,5.0
124-69-4727,A,Naypyitaw,Normal,Female,Home_and_lifestyle,35.38,7,13.0,260.04,2019-01-07,16:53,Cash,247.04,4.7619,13.0,5.8
732-38-2262,A,Yangon,Normal,Female,Home_and_lifestyle,57.5,6,18.11,362.25,2019-02-07,18:45,Cash,344.14,4.7619,18.11,6.5
198-62-5225,C,Mandalay,Member,Male,Electronic_accessories,27.34,2,2.87,57.41,2019-01-04,12:28,Cash,54.54,4.7619,2.87,9.1
444-78-2594,A,Naypyitaw,Normal,Female,Health_and_beauty,33.79,7,12.42,248.36,2019-01-10,18:40,Ewallet,235.94,4.7619,12.42,7.3
399-68-7235,B,Mandalay,Member,Female,Electronic_accessories,74.79,2,7.85,157.06,2019-01-15,14:57,Credit_card,149.21,4.7619,7.85,5.8
520-89-1606,B,Naypyitaw,Member,Male,Home_and_lifestyle,25.85,10,13.57,271.43,2019-01-06,20:58,Cash,257.86,4.7619,13.57,6.9
539-49-8360,B,Mandalay,Member,Female,Home_and_lifestyle,56.21,1,2.95,59.02,2019-01-05,16:12,Cash,56.07,4.7619,2.95,9.8
351-31-2756,B,Mandalay,Member,Female,Health_and_beauty,22.26,7,8.18,163.61,2019-01-04,16:10,Credit_card,155.43,4.7619,8.18,7.2
805-77-6691,C,Yangon,Normal,Female,Health_and_beauty,98.65,5,25.9,517.91,2019-03-19,21:53,Cash,492.01,4.7619,25.9,9.5
363-60-9710,C,Mandalay,Member,Female,Home_and_lifestyle,83.32,7,30.62,612.4,2019-01-15,18:49,Credit_card,581.78,4.7619,30.62,6.5
756-69-2846,C,Yangon,Member,Female,Home_and_lifestyle,38.94,5,10.22,204.44,2019-02-10,21:44,Ewallet,194.22,4.7619,10.22,7.2
300-18-1371,B,Naypyitaw,Normal,Male,Home_and_lifestyle,7.95,5,2.09,41.74,2019-02-17,15:26,Ewallet,39.65,4.7619,2.09,5.2
209-24-9262,C,Mandalay,Normal,Male,Home_and_lifestyle,72.34,10,37.98,759.57,2019-01-30,19:21,Credit_card,721.59,4.7619,37.98,8.4
609-99-4534,C,Mandalay,Member,Male,Health_and_beauty,90.21,2,9.47,189.44,2019-01-07,12:06,Cash,179.97,4.7619,9.47,9.5
374-97-1196,A,Yangon,Normal,Female,Health_and_beauty,12.48,3,1.97,39.31,2019-01-20,14:06,Ewallet,37.34,4.7619,1.97,9.0
250-98-1384,C,Naypyitaw,Member,Male,Home_and_lifestyle,61.18,3,9.64,192.72,2019-03-01,10:26,Credit_card,183.08,4.7619,9.64,6.4
155-58-5542,C,Yangon,Normal,Male,Health_and_beauty,78.63,9,37.15,743.05,2019-04-01,13:27,Ewallet,705.9,4.7619,37.15,8.8
365-69-6893,A,Naypyitaw,Member,Male,Electronic_accessories,53.32,6,16.8,335.92,2019-02-02,16:40,Credit_card,319.12,4.7619,16.8,6.0
509-90-6835,B,Naypyitaw,Member,Female,Home_and_lifestyle,27.76,2,2.92,58.3,2019-02-25,18:04,Ewallet,55.38,4.7619,2.92,5.5
219-26-9138,B,Naypyitaw,Normal,Male,Health_and_beauty,84.28,5,22.12,442.47,2019-02-05,12:49,Ewallet,420.35,4.7619,22.12,6.5
302-48-7251,B,Mandalay,Member,Female,Electronic_accessories,71.38,2,7.5,149.9,2019-03-04,12:57,Credit_card,142.4,4.7619,7.5,8.6
577-36-5530,C,Naypyitaw,Normal,Male,Electronic_accessories,70.24,10,36.88,737.52,2019-01-06,15:03,Credit_card,700.64,4.7619,36.88,7.0
752-61-2180,C,Naypyitaw,Member,Female,Home_and_lifestyle,53.51,6,16.86,337.11,2019-03-18,19:51,Cash,320.25,4.7619,16.86,6.7
386-18-5931,B,Yangon,Member,Male,Health_and_beauty,88.89,5,23.33,466.67,2019-01-03,16:35,Credit_card,443.34,4.7619,23.33,9.0
695-79-4235,C,Naypyitaw,Member,Female,Home_and_lifestyle,71.68,4,15.05,301.06,2019-03-10,20:17,Cash,286.01,4.7619,15.05,5.4
829-64-2055,C,Mandalay,Normal,Male,Home_and_lifestyle,31.16,4,6.54,130.87,2019-02-21,17:18,Ewallet,124.33,4.7619,6.54,9.8
482-21-9017,C,Naypyitaw,Normal,Female,Home_and_lifestyle,43.91,2,4.61,92.21,2019-01-26,17:07,Credit_card,87.6,4.7619,4.61,9.8
890-12-3240,B,Yangon,Normal,Female,Home_and_lifestyle,84.74,5,22.24,444.88,2019-01-12,18:43,Cash,422.64,4.7619,22.24,7.1
702-19-5873,A,Mandalay,Normal,Male,Electronic_accessories,87.58,2,9.2,183.92,2019-01-07,17:12,Cash,174.72,4.7619,9.2,9.3
151-72-6559,B,Yangon,Normal,Male,Electronic_accessories,27.01,1,1.42,28.36,2019-03-18,13:15,Credit_card,26.94,4.7619,1.42,7.8
986-87-5183,C,Mandalay,Member,Female,Health_and_beauty,29.43,10,15.45,309.02,2019-01-20,11:46,Ewallet,293.57,4.7619,15.45,9.7
127-67-9992,C,Naypyitaw,Normal,Female,Electronic_accessories,66.79,6,21.04,420.78,2019-02-19,18:57,Ewallet,399.74,4.7619,21.04,5.5
647-54-2674,B,Yangon,Member,Female,Electronic_accessories,63.12,2,6.63,132.55,2019-02-09,19:04,Credit_card,125.92,4.7619,6.63,10.0
129-99-2984,C,Mandalay,Normal,Female,Home_and_lifestyle,13.29,1,0.7,13.95,2019-02-26,17:23,Cash,13.25,4.7619,0.7,6.8
992-89-3040,A,Yangon,Member,Male,Electronic_accessories,63.13,5,16.57,331.43,2019-02-25,14:27,Cash,314.86,4.7619,16.57,5.2
901-94-8663,B,Yangon,Member,Female,Health_and_beauty,52.61,7,19.33,386.68,2019-02-16,10:14,Credit_card,367.35,4.7619,19.33,9.8
928-46-1779,B,Mandalay,Normal,Female,Health_and_beauty,74.19,2,7.79,155.8,2019-03-01,19:11,Ewallet,148.01,4.7619,7.79,5.2
184-86-1359,B,Mandalay,Normal,Female,Health_and_beauty,95.31,4,20.02,400.3,2019-03-08,17:49,Cash,380.28,4.7619,20.02,5.5
773-62-9353,C,Yangon,Normal,Female,Electronic_accessories,7.05,5,1.85,37.01,2019-02-10,22:15,Credit_card,35.16,4.7619,1.85,9.7
972-71-2395,B,Yangon,Normal,Female,Health_and_beauty,25.88,9,12.23,244.57,2019-01-20,22:11,Ewallet,232.34,4.7619,12.23,10.0
934-98-8245,B,Naypyitaw,Normal,Male,Health_and_beauty,18.34,3,2.89,57.77,2019-01-02,20:06,Credit_card,54.88,4.7619,2.89,7.3
859-16-5311,A,Yangon,Member,Male,Home_and_lifestyle,71.19,2,7.48,149.5,2019-02-14,17:19,Credit_card,142.02,4.7619,7.48,9.8
979-84-3205,B,Mandalay,Normal,Female,Electronic_accessories,45.9,3,7.23,144.59,2019-01-23,19:21,Ewallet,137.36,4.7619,7.23,7.6
296-19-8948,C,Naypyitaw,Normal,Male,Health_and_beauty,24.29,1,1.28,25.5,2019-03-25,13:13,Cash,24.22,4.7619,1.28,6.0
719-68-1565,C,Yangon,Normal,Female,Home_and_lifestyle,66.77,10,35.05,701.08,2019-03-11,13:57,Cash,666.03,4.7619,35.05,9.3
450-47-1360,A,Yangon,Member,Female,Health_and_beauty,50.39,6,15.87,317.46,2019-03-08,15:36,Cash,301.59,4.7619,15.87,8.9
297-73-8990,A,Naypyitaw,Normal,Female,Health_and_beauty,58.82,2,6.18,123.52,2019-01-02,13:10,Credit_card,117.34,4.7619,6.18,6.9
504-29-5363,C,Yangon,Member,Male,Electronic_accessories,32.17,9,15.2,304.01,2019-01-26,15:12,Ewallet,288.81,4.7619,15.2,9.9
359-55-4640,B,Yangon,Member,Male,Electronic_accessories,99.33,4,20.86,417.19,2019-02-19,15:13,Credit_card,396.33,4.7619,20.86,5.3
244-98-5881,A,Mandalay,Member,Male,Health_and_beauty,33.07,3,5.21,104.17,2019-03-08,13:25,Ewallet,98.96,4.7619,5.21,7.8
265-73-6646,A,Mandalay,Member,Male,Home_and_lifestyle,91.4,3,14.4,287.91,2019-03-24,18:54,Ewallet,273.51,4.7619,14.4,7.2
316-73-6248,B,Yangon,Normal,Male,Electronic_accessories,67.23,7,24.71,494.14,2019-03-30,13:13,Credit_card,469.43,4.7619,24.71,9.1
613-64-8637,A,Yangon,Normal,Male,Home_and_lifestyle,20.37,1,1.07,21.39,2019-02-04,12:29,Ewallet,20.32,4.7619,1.07,7.6
291-97-5099,A,Naypyitaw,Member,Male,Electronic_accessories,87.57,10,45.97,919.49,2019-02-11,16:54,Cash,873.52,4.7619,45.97,6.9
480-97-7513,C,Yangon,Normal,Male,Electronic_accessories,54.5,9,25.75,515.02,2019-02-02,22:05,Credit_card,489.27,4.7619,25.75,8.4
984-41-5927,B,Mandalay,Member,Male,Health_and_beauty,99.08,4,20.81,416.14,2019-02-04,16:21,Ewallet,395.33,4.7619,20.81,7.5
510-87-6086,B,Yangon,Normal,Male,Home_and_lifestyle,13.25,6,4.17,83.48,2019-01-20,21:00,Ewallet,79.31,4.7619,4.17,5.0
206-91-6486,C,Naypyitaw,Member,Female,Home_and_lifestyle,47.45,5,12.46,249.11,2019-02-13,19:58,Cash,236.65,4.7619,12.46,7.2
900-79-3884,B,Naypyitaw,Member,Male,Electronic_accessories,58.47,4,12.28,245.57,2019-02-07,16:16,Credit_card,233.29,4.7619,12.28,7.3
655-54-1698,A,Mandalay,Normal,Female,Home_and_lifestyle,39.81,7,14.63,292.6,2019-02-08,17:18,Cash,277.97,4.7619,14.63,7.0
596-65-7462,C,Yangon,Normal,Female,Home_and_lifestyle,57.3,1,3.01,60.16,2019-03-07,22:01,Ewallet,57.15,4.7619,3.01,8.3
589-39-1184,B,Naypyitaw,Normal,Female,Health_and_beauty,70.82,9,33.46,669.25,2019-02-02,21:33,Cash,635.79,4.7619,33.46,6.4
657-93-3103,A,Yangon,Normal,Male,Home_and_lifestyle,53.16,8,22.33,446.54,2019-01-15,15:52,Cash,424.21,4.7619,22.33,7.1
558-79-3544,B,Naypyitaw,Normal,Female,Electronic_accessories,13.42,4,2.82,56.36,2019-02-21,10:51,Credit_card,53.54,4.7619,2.82,9.9
330-62-6717,B,Mandalay,Member,Female,Electronic_accessories,86.91,7,31.94,638.79,2019-01-02,16:34,Ewallet,606.85,4.7619,31.94,8.1
512-38-4953,C,Mandalay,Normal,Male,Health_and_beauty,17.92,6,5.65,112.9,2019-01-27,12:53,Cash,107.25,4.7619,5.65,6.4
317-24-8093,A,Yangon,Member,Female,Health_and_beauty,10.78,8,4.53,90.55,2019-01-29,16:38,Cash,86.02,4.7619,4.53,7.7
233-86-2147,C,Yangon,Normal,Female,Health_and_beauty,59.29,7,21.79,435.78,2019-01-01,14:04,Credit_card,413.99,4.7619,21.79,7.4
118-28-3866,C,Mandalay,Normal,Female,Health_and_beauty,92.4,4,19.4,388.08,2019-02-03,22:31,Ewallet,368.68,4.7619,19.4,7.6
950-41-7416,C,Yangon,Member,Male,Electronic_accessories,30.23,1,1.59,31.74,2019-02-15,18:44,Cash,30.15,4.7619,1.59,9.5
345-32-2839,A,Yangon,Member,Female,Electronic_accessories,81.33,2,8.54,170.79,2019-03-08,13:01,Cash,162.25,4.7619,8.54,9.2
197-49-5319,C,Mandalay,Normal,Male,Electronic_accessories,47.37,1,2.49,49.74,2019-02-07,19:04,Ewallet,47.25,4.7619,2.49,5.9
303-28-3432,A,Naypyitaw,Member,Male,Health_and_beauty,42.99,1,2.26,45.14,2019-01-31,15:38,Cash,42.88,4.7619,2.26,6.3
411-88-6624,B,Yangon,Member,Male,Electronic_accessories,67.16,3,10.58,211.55,2019-03-21,18:57,Ewallet,200.97,4.7619,10.58,9.8
733-69-7849,A,Mandalay,Member,Female,Home_and_lifestyle,50.28,1,2.64,52.79,2019-01-21,21:04,Cash,50.15,4.7619,2.64,8.6
935-76-2416,B,Yangon,Normal,Male,Health_and_beauty,96.0,7,35.28,705.6,2019-03-21,12:07,Cash,670.32,4.7619,35.28,9.2
978-36-2697,A,Yangon,Normal,Male,Home_and_lifestyle,34.79,7,12.79,255.71,2019-03-21,11:58,Cash,242.92,4.7619,12.79,7.2
336-37-5822,C,Yangon,Member,Female,Electronic_accessories,26.67,3,4.2,84.01,2019-01-10,14:40,Ewallet,79.81,4.7619,4.2,8.9
998-98-4124,C,Yangon,Normal,Male,Electronic_accessories,12.89,10,6.77,135.34,2019-01-17,22:19,Cash,128.57,4.7619,6.77,8.3
179-34-5154,C,Mandalay,Normal,Female,Home_and_lifestyle,27.18,9,12.84,256.85,2019-03-15,16:16,Ewallet,244.01,4.7619,12.84,9.7
816-30-9806,B,Mandalay,Normal,Female,Health_and_beauty,38.07,6,11.99,239.84,2019-01-24,12:30,Cash,227.85,4.7619,11.99,7.0
855-48-4338,B,Mandalay,Normal,Female,Electronic_accessories,93.41,4,19.62,392.32,2019-01-19,20:33,Ewallet,372.7,4.7619,19.62,9.9
145-13-2512,B,Naypyitaw,Normal,Female,Home_and_lifestyle,9.65,9,4.56,91.19,2019-03-30,15:32,Cash,86.63,4.7619,4.56,9.4
765-24-9905,C,Mandalay,Normal,Male,Home_and_lifestyle,78.49,5,20.6,412.07,2019-02-15,19:52,Credit_card,391.47,4.7619,20.6,7.7
648-13-5166,C,Naypyitaw,Normal,Male,Health_and_beauty,67.02,2,7.04,140.74,2019-03-27,19:58,Ewallet,133.7,4.7619,7.04,5.8
422-24-8969,C,Mandalay,Normal,Female,Health_and_beauty,11.21,10,5.89,117.71,2019-02-18,11:25,Ewallet,111.82,4.7619,5.89,8.1
687-49-8874,C,Mandalay,Normal,Male,Home_and_lifestyle,27.51,4,5.78,115.54,2019-03-26,18:40,Cash,109.76,4.7619,5.78,5.3
516-26-6964,C,Mandalay,Normal,Female,Electronic_accessories,59.59,2,6.26,125.14,2019-02-09,19:05,Cash,118.88,4.7619,6.26,8.7
775-12-7192,B,Yangon,Member,Female,Electronic_accessories,65.82,2,6.91,138.22,2019-02-03,11:46,Cash,131.31,4.7619,6.91,6.1
451-36-2441,A,Yangon,Normal,Female,Electronic_accessories,83.1,6,26.18,523.53,2019-03-16,14:23,Credit_card,497.35,4.7619,26.18,6.2
128-35-4637,B,Yangon,Member,Male,Home_and_lifestyle,55.04,6,17.34,346.75,2019-03-28,22:59,Cash,329.41,4.7619,17.34,9.2
780-25-4643,B,Naypyitaw,Member,Male,Home_and_lifestyle,18.43,2,1.94,38.7,2019-02-04,14:42,Cash,36.76,4.7619,1.94,5.7
731-16-8359,C,Yangon,Normal,Male,Home_and_lifestyle,15.72,4,3.3,66.02,2019-01-30,15:28,Credit_card,62.72,4.7619,3.3,6.3
299-61-6463,C,Mandalay,Normal,Male,Home_and_lifestyle,29.8,7,10.95,219.03,2019-03-09,19:31,Credit_card,208.08,4.7619,10.95,5.0
160-11-6131,B,Naypyitaw,Member,Male,Home_and_lifestyle,90.92,2,9.55,190.93,2019-03-18,22:00,Credit_card,181.38,4.7619,9.55,9.0
852-61-2918,B,Yangon,Normal,Male,Health_and_beauty,15.27,4,3.21,64.13,2019-02-16,11:08,Ewallet,60.92,4.7619,3.21,8.6
617-43-8861,A,Naypyitaw,Normal,Male,Health_and_beauty,49.84,8,20.93,418.66,2019-03-15,21:18,Cash,397.73,4.7619,20.93,8.0
672-28-3074,C,Yangon,Normal,Male,Electronic_accessories,29.9,1,1.57,31.39,2019-02-07,11:01,Cash,29.82,4.7619,1.57,8.6
430-59-8369,C,Mandalay,Normal,Male,Home_and_lifestyle,5.19,3,0.82,16.35,2019-03-21,12:37,Credit_card,15.53,4.7619,0.82,7.3
869-76-4595,B,Mandalay,Member,Female,Health_and_beauty,83.32,1,4.37,87.49,2019-01-19,22:32,Cash,83.12,4.7619,4.37,5.9
943-91-9179,B,Mandalay,Member,Female,Electronic_accessories,43.04,3,6.78,135.58,2019-02-26,12:48,Credit_card,128.8,4.7619,6.78,5.6
220-48-9107,A,Naypyitaw,Normal,Female,Health_and_beauty,16.79,10,8.81,176.29,2019-01-02,18:58,Credit_card,167.48,4.7619,8.81,8.5
996-33-9152,C,Mandalay,Member,Male,Home_and_lifestyle,66.47,10,34.9,697.94,2019-01-13,11:29,Ewallet,663.04,4.7619,34.9,6.3
643-52-1966,B,Naypyitaw,Member,Female,Home_and_lifestyle,95.47,9,45.11,902.19,2019-01-12,10:05,Credit_card,857.08,4.7619,45.11,7.5
286-15-4780,B,Mandalay,Normal,Male,Electronic_accessories,37.17,2,3.9,78.06,2019-03-31,22:00,Cash,74.16,4.7619,3.9,5.4
489-22-7454,C,Mandalay,Normal,Female,Electronic_accessories,74.99,4,15.75,314.96,2019-03-11,21:20,Cash,299.21,4.7619,15.75,8.0
909-72-8180,A,Naypyitaw,Normal,Male,Electronic_accessories,26.19,9,12.38,247.5,2019-03-01,22:53,Cash,235.12,4.7619,12.38,5.8
176-27-4664,A,Yangon,Normal,Female,Electronic_accessories,86.36,10,45.34,906.78,2019-01-30,22:33,Cash,861.44,4.7619,45.34,8.1
859-57-6341,A,Naypyitaw,Member,Female,Health_and_beauty,63.23,7,23.24,464.74,2019-03-12,12:38,Cash,441.5,4.7619,23.24,7.8
594-90-1661,A,Yangon,Member,Male,Health_and_beauty,45.99,4,9.66,193.16,2019-03-05,15:50,Ewallet,183.5,4.7619,9.66,6.4
671-40-1781,B,Naypyitaw,Member,Female,Electronic_accessories,25.57,8,10.74,214.79,2019-01-17,20:39,Ewallet,204.05,4.7619,10.74,6.2
779-47-2700,C,Mandalay,Member,Male,Health_and_beauty,91.06,9,43.03,860.52,2019-03-18,10:59,Ewallet,817.49,4.7619,43.03,6.8
173-49-6261,B,Yangon,Member,Female,Electronic_accessories,68.11,7,25.03,500.61,2019-01-30,16:47,Cash,475.58,4.7619,25.03,7.9
419-13-2147,C,Naypyitaw,Member,Male,Home_and_lifestyle,29.93,7,11.0,219.99,2019-01-04,18:55,Credit_card,208.99,4.7619,11.0,8.4
223-30-2097,C,Naypyitaw,Member,Male,Electronic_accessories,63.66,2,6.68,133.69,2019-03-11,11:44,Ewallet,127.01,4.7619,6.68,8.0
650-79-4739,C,Naypyitaw,Member,Male,Home_and_lifestyle,96.06,2,10.09,201.73,2019-01-11,19:43,Credit_card,191.64,4.7619,10.09,9.9
974-96-5961,B,Yangon,Normal,Male,Home_and_lifestyle,35.4,4,7.43,148.68,2019-03-14,12:00,Credit_card,141.25,4.7619,7.43,7.8
411-51-1670,B,Naypyitaw,Member,Female,Health_and_beauty,51.97,10,27.28,545.69,2019-03-02,20:16,Ewallet,518.41,4.7619,27.28,5.9
357-13-4839,C,Mandalay,Normal,Female,Health_and_beauty,48.21,6,15.19,303.72,2019-03-25,15:39,Ewallet,288.53,4.7619,15.19,5.6
625-16-9832,A,Yangon,Member,Female,Electronic_accessories,29.41,10,15.44,308.81,2019-01-01,22:42,Cash,293.37,4.7619,15.44,6.5
635-86-1909,C,Naypyitaw,Member,Female,Home_and_lifestyle,57.07,3,8.99,179.77,2019-02-19,17:41,Cash,170.78,4.7619,8.99,6.4
358-79-6381,B,Naypyitaw,Normal,Female,Health_and_beauty,47.31,7,17.39,347.73,2019-01-24,19:27,Ewallet,330.34,4.7619,17.39,9.8
809-80-5421,A,Naypyitaw,Normal,Male,Health_and_beauty,46.04,4,9.67,193.37,2019-03-22,14:08,Ewallet,183.7,4.7619,9.67,9.8
843-76-8414,C,Mandalay,Normal,Female,Home_and_lifestyle,24.32,10,12.77,255.36,2019-01-27,12:55,Ewallet,242.59,4.7619,12.77,6.3
377-31-8244,C,Mandalay,Normal,Female,Health_and_beauty,86.0,1,4.51,90.3,2019-02-04,19:34,Cash,85.79,4.7619,4.51,8.2
436-66-1637,C,Yangon,Normal,Female,Home_and_lifestyle,92.61,1,4.86,97.24,2019-01-06,16:58,Credit_card,92.38,4.7619,4.86,5.7
283-16-8025,B,Mandalay,Member,Female,Electronic_accessories,83.27,6,26.23,524.6,2019-02-06,11:24,Ewallet,498.37,4.7619,26.23,8.7
453-14-2011,A,Naypyitaw,Normal,Female,Electronic_accessories,80.98,10,42.51,850.29,2019-03-01,16:00,Credit_card,807.78,4.7619,42.51,5.4
469-72-6079,C,Naypyitaw,Member,Female,Health_and_beauty,17.97,10,9.43,188.69,2019-03-31,17:10,Ewallet,179.26,4.7619,9.43,8.9
100-81-4129,A,Mandalay,Member,Female,Electronic_accessories,34.63,5,9.09,181.81,2019-03-10,16:27,Cash,172.72,4.7619,9.09,9.4
834-26-9077,A,Yangon,Member,Female,Electronic_accessories,38.8,3,6.11,122.22,2019-02-03,10:10,Cash,116.11,4.7619,6.11,5.6
732-84-9559,C,Naypyitaw,Normal,Male,Electronic_accessories,18.54,1,0.97,19.47,2019-03-10,12:44,Ewallet,18.5,4.7619,0.97,9.5
570-37-3264,B,Mandalay,Member,Male,Home_and_lifestyle,90.61,5,23.79,475.7,2019-03-23,11:28,Credit_card,451.91,4.7619,23.79,8.0
570-80-7141,A,Mandalay,Normal,Male,Electronic_accessories,10.57,3,1.67,33.3,2019-02-12,18:09,Cash,31.63,4.7619,1.67,7.6
340-71-3646,B,Naypyitaw,Member,Female,Health_and_beauty,27.74,9,13.11,262.14,2019-02-23,14:06,Credit_card,249.03,4.7619,13.11,7.3
654-85-8090,A,Naypyitaw,Normal,Female,Health_and_beauty,20.5,2,2.15,43.05,2019-01-03,14:20,Credit_card,40.9,4.7619,2.15,7.0
940-53-7484,C,Yangon,Normal,Male,Home_and_lifestyle,23.95,9,11.32,226.33,2019-02-20,15:32,Ewallet,215.01,4.7619,11.32,7.7
972-91-6216,C,Naypyitaw,Member,Male,Electronic_accessories,29.25,5,7.68,153.56,2019-03-26,16:20,Cash,145.88,4.7619,7.68,8.3
714-36-9285,C,Yangon,Normal,Male,Electronic_accessories,98.65,10,51.79,1035.83,2019-03-11,16:35,Credit_card,984.04,4.7619,51.79,5.3
660-41-9746,A,Naypyitaw,Normal,Male,Health_and_beauty,65.79,10,34.54,690.8,2019-03-01,13:01,Cash,656.26,4.7619,34.54,7.2
496-22-5533,C,Naypyitaw,Member,Male,Electronic_accessories,98.78,7,36.3,726.03,2019-03-17,20:58,Ewallet,689.73,4.7619,36.3,7.9
220-11-4310,B,Yangon,Member,Female,Home_and_lifestyle,39.52,5,10.37,207.48,2019-03-19,17:49,Ewallet,197.11,4.7619,10.37,9.6
997-90-5914,A,Yangon,Member,Female,Home_and_lifestyle,22.07,4,4.63,92.69,2019-03-12,22:34,Cash,88.06,4.7619,4.63,8.1
567-90-1860,B,Yangon,Normal,Male,Electronic_accessories,39.7,2,4.17,83.37,2019-02-10,20:26,Cash,79.2,4.7619,4.17,7.6
103-40-4793,A,Naypyitaw,Normal,Male,Health_and_beauty,75.06,10,39.41,788.13,2019-03-28,20:59,Credit_card,748.72,4.7619,39.41,8.2
842-84-8069,C,Naypyitaw,Normal,Male,Electronic_accessories,64.67,3,10.19,203.71,2019-03-20,13:00,Credit_card,193.52,4.7619,10.19,5.9
247-28-1902,B,Naypyitaw,Normal,Male,Health_and_beauty,74.91,3,11.8,235.97,2019-03-03,13:34,Ewallet,224.17,4.7619,11.8,6.5
620-56-5276,B,Naypyitaw,Member,Male,Electronic_accessories,23.26,10,12.21,244.23,2019-01-05,21:50,Cash,232.02,4.7619,12.21,9.4
800-42-4730,C,Yangon,Member,Male,Electronic_accessories,62.24,4,13.07,261.41,2019-02-10,19:01,Cash,248.34,4.7619,13.07,8.3
720-17-7048,B,Naypyitaw,Member,Female,Home_and_lifestyle,46.74,1,2.45,49.08,2019-03-25,15:24,Cash,46.63,4.7619,2.45,5.7
183-38-1766,A,Mandalay,Member,Female,Electronic_accessories,52.31,2,5.49,109.85,2019-01-16,11:33,Credit_card,104.36,4.7619,5.49,6.0
481-35-1523,B,Yangon,Member,Female,Electronic_accessories,12.09,3,1.9,38.08,2019-01-07,22:12,Ewallet,36.18,4.7619,1.9,5.4
333-90-4827,C,Yangon,Normal,Male,Home_and_lifestyle,71.03,6,22.37,447.49,2019-02-02,15:33,Ewallet,425.12,4.7619,22.37,7.6
585-69-4391,B,Mandalay,Normal,Male,Electronic_accessories,59.09,6,18.61,372.27,2019-03-12,12:41,Ewallet,353.66,4.7619,18.61,6.1
612-50-7555,A,Mandalay,Normal,Male,Electronic_accessories,73.19,10,38.43,768.5,2019-02-17,13:33,Credit_card,730.07,4.7619,38.43,9.4
328-26-8857,C,Yangon,Member,Female,Electronic_accessories,7.64,10,4.01,80.22,2019-02-09,15:37,Credit_card,76.21,4.7619,4.01,7.4
227-51-8087,B,Naypyitaw,Normal,Male,Home_and_lifestyle,14.52,2,1.52,30.49,2019-02-19,11:24,Cash,28.97,4.7619,1.52,6.9
149-92-3668,A,Yangon,Member,Female,Health_and_beauty,42.35,9,20.01,400.21,2019-03-14,18:11,Credit_card,380.2,4.7619,20.01,9.6
113-44-7408,C,Naypyitaw,Member,Male,Home_and_lifestyle,69.51,4,14.6,291.94,2019-03-09,11:31,Cash,277.34,4.7619,14.6,6.5
617-82-9898,C,Naypyitaw,Member,Male,Electronic_accessories,83.6,10,43.89,877.8,2019-03-05,12:07,Cash,833.91,4.7619,43.89,9.2
100-44-9966,A,Mandalay,Normal,Male,Health_and_beauty,57.59,2,6.05,120.94,2019-01-07,12:11,Cash,114.89,4.7619,6.05,8.3
401-39-3257,B,Mandalay,Member,Male,Home_and_lifestyle,31.19,8,13.1,262.0,2019-03-09,10:33,Ewallet,248.9,4.7619,13.1,7.5
797-53-9182,A,Yangon,Member,Male,Electronic_accessories,5.35,4,1.12,22.47,2019-03-29,19:05,Ewallet,21.35,4.7619,1.12,9.4
652-22-4253,C,Mandalay,Normal,Male,Electronic_accessories,94.06,3,14.81,296.29,2019-03-26,21:35,Credit_card,281.48,4.7619,14.81,10.0
728-33-7609,B,Mandalay,Member,Female,Electronic_accessories,8.12,1,0.43,8.53,2019-02-12,21:52,Ewallet,8.1,4.7619,0.43,8.4
314-80-6752,C,Yangon,Normal,Female,Home_and_lifestyle,88.19,9,41.67,833.4,2019-03-22,11:11,Cash,791.73,4.7619,41.67,5.6
740-54-3966,B,Yangon,Member,Female,Electronic_accessories,62.22,2,6.53,130.66,2019-02-12,14:04,Credit_card,124.13,4.7619,6.53,7.9
821-67-5641,A,Mandalay,Normal,Female,Home_and_lifestyle,75.34,5,19.78,395.54,2019-03-21,12:29,Credit_card,375.76,4.7619,19.78,6.3
856-25-3625,A,Naypyitaw,Normal,Male,Home_and_lifestyle,72.57,7,26.67,533.39,2019-01-03,19:09,Cash,506.72,4.7619,26.67,6.1
258-80-2301,C,Yangon,Normal,Male,Home_and_lifestyle,11.43,4,2.4,48.01,2019-02-28,12:06,Cash,45.61,4.7619,2.4,5.3
258-89-4905,B,Mandalay,Normal,Male,Home_and_lifestyle,23.91,6,7.53,150.63,2019-01-29,14:57,Ewallet,143.1,4.7619,7.53,8.7
514-44-2709,A,Naypyitaw,Member,Female,Health_and_beauty,96.25,3,15.16,303.19,2019-02-15,18:51,Credit_card,288.03,4.7619,15.16,6.2
889-90-7685,C,Naypyitaw,Member,Female,Health_and_beauty,76.93,1,4.04,80.78,2019-03-13,15:14,Cash,76.74,4.7619,4.04,8.9
110-71-2583,B,Mandalay,Normal,Female,Home_and_lifestyle,51.7,3,8.14,162.86,2019-02-21,10:14,Ewallet,154.72,4.7619,8.14,9.9
457-32-1786,C,Mandalay,Member,Male,Home_and_lifestyle,58.69,7,21.57,431.37,2019-02-19,19:26,Credit_card,409.8,4.7619,21.57,5.7
575-27-3406,A,Mandalay,Normal,Male,Health_and_beauty,55.89,6,17.61,352.11,2019-03-10,13:16,Credit_card,334.5,4.7619,17.61,7.3
887-22-5428,C,Yangon,Normal,Female,Electronic_accessories,96.07,3,15.13,302.62,2019-03-14,17:16,Ewallet,287.49,4.7619,15.13,8.2
322-87-2806,C,Yangon,Normal,Male,Health_and_beauty,63.21,2,6.64,132.74,2019-03-08,21:25,Credit_card,126.1,4.7619,6.64,8.7
871-60-2682,A,Yangon,Member,Female,Home_and_lifestyle,86.82,7,31.91,638.13,2019-01-24,17:49,Credit_card,606.22,4.7619,31.91,6.4
644-30-2282,A,Yangon,Member,Female,Home_and_lifestyle,39.87,6,12.56,251.18,2019-03-24,13:11,Ewallet,238.62,4.7619,12.56,5.2
363-21-6281,B,Mandalay,Member,Male,Health_and_beauty,86.44,6,27.23,544.57,2019-01-16,12:53,Ewallet,517.34,4.7619,27.23,5.2
176-77-7842,A,Mandalay,Normal,Male,Health_and_beauty,28.94,5,7.6,151.94,2019-03-03,12:08,Credit_card,144.34,4.7619,7.6,6.1
549-30-4631,B,Yangon,Normal,Male,Electronic_accessories,74.69,3,11.76,235.27,2019-01-29,13:21,Credit_card,223.51,4.7619,11.76,5.4
870-76-9901,C,Naypyitaw,Member,Female,Home_and_lifestyle,64.28,2,6.75,134.99,2019-02-20,18:21,Credit_card,128.24,4.7619,6.75,7.0
413-18-1040,B,Naypyitaw,Normal,Male,Home_and_lifestyle,58.89,7,21.64,432.84,2019-02-23,20:36,Credit_card,411.2,4.7619,21.64,8.3
572-56-8077,C,Naypyitaw,Normal,Female,Home_and_lifestyle,58.03,3,9.14,182.79,2019-01-02,14:31,Credit_card,173.65,4.7619,9.14,7.3
482-44-6610,B,Mandalay,Member,Female,Home_and_lifestyle,64.07,6,20.18,403.64,2019-03-25,20:05,Cash,383.46,4.7619,20.18,6.1
949-89-8742,A,Mandalay,Member,Male,Home_and_lifestyle,28.43,7,10.45,208.96,2019-02-16,15:47,Cash,198.51,4.7619,10.45,8.5
959-48-5493,B,Mandalay,Member,Male,Home_and_lifestyle,65.37,10,34.32,686.39,2019-03-22,22:17,Cash,652.07,4.7619,34.32,9.3
431-24-7789,A,Yangon,Normal,Male,Electronic_accessories,82.09,4,17.24,344.78,2019-01-30,18:17,Cash,327.54,4.7619,17.24,8.2
409-48-3036,A,Mandalay,Normal,Male,Electronic_accessories,41.18,9,19.46,389.15,2019-03-27,12:27,Credit_card,369.69,4.7619,19.46,7.8
972-78-1861,B,Naypyitaw,Normal,Male,Home_and_lifestyle,67.53,7,24.82,496.35,2019-01-22,21:34,Cash,471.53,4.7619,24.82,6.4
712-38-8098,A,Mandalay,Normal,Female,Electronic_accessories,84.07,6,26.48,529.64,2019-03-06,20:44,Cash,503.16,4.7619,26.48,6.7
598-42-7023,C,Naypyitaw,Member,Female,Electronic_accessories,99.91,1,5.25,104.91,2019-02-24,21:42,Credit_card,99.66,4.7619,5.25,9.9
634-10-8698,C,Yangon,Normal,Female,Electronic_accessories,97.66,2,10.25,205.09,2019-01-30,16:11,Credit_card,194.84,4.7619,10.25,9.7
104-40-1447,A,Mandalay,Normal,Male,Health_and_beauty,10.69,6,3.37,67.35,2019-02-17,20:08,Cash,63.98,4.7619,3.37,6.8
654-36-5326,C,Mandalay,Normal,Female,Home_and_lifestyle,7.36,9,3.48,69.55,2019-03-26,13:05,Cash,66.07,4.7619,3.48,5.7
951-73-7810,C,Naypyitaw,Member,Female,Health_and_beauty,50.78,3,8.0,159.96,2019-03-07,21:42,Cash,151.96,4.7619,8.0,9.4
239-16-3077,C,Naypyitaw,Member,Male,Electronic_accessories,54.28,6,17.1,341.96,2019-03-13,18:01,Ewallet,324.86,4.7619,17.1,9.8
856-54-3808,C,Mandalay,Member,Female,Health_and_beauty,47.5,4,9.98,199.5,2019-01-25,20:18,Credit_card,189.52,4.7619,9.98,8.0
741-80-2759,C,Naypyitaw,Member,Male,Home_and_lifestyle,63.31,10,33.24,664.75,2019-02-05,10:22,Ewallet,631.51,4.7619,33.24,7.6
590-98-9152,C,Mandalay,Normal,Male,Health_and_beauty,56.52,8,23.74,474.77,2019-03-03,12:57,Credit_card,451.03,4.7619,23.74,8.8
182-36-1695,A,Mandalay,Normal,Female,Electronic_accessories,39.26,7,14.43,288.56,2019-03-24,11:16,Credit_card,274.13,4.7619,14.43,7.3
971-87-1642,C,Mandalay,Normal,Female,Home_and_lifestyle,73.1,2,7.68,153.51,2019-01-04,20:00,Credit_card,145.83,4.7619,7.68,7.1
504-71-4281,C,Naypyitaw,Normal,Male,Home_and_lifestyle,73.89,7,27.15,543.09,2019-03-16,21:40,Cash,515.94,4.7619,27.15,5.8
355-24-4344,B,Mandalay,Member,Female,Home_and_lifestyle,14.02,1,0.74,14.72,2019-02-27,22:55,Credit_card,13.98,4.7619,0.74,6.8
516-97-1136,B,Naypyitaw,Member,Female,Health_and_beauty,58.58,7,21.53,430.56,2019-01-17,17:21,Ewallet,409.03,4.7619,21.53,8.0
428-38-8280,C,Mandalay,Member,Male,Health_and_beauty,98.15,5,25.76,515.29,2019-01-28,20:54,Credit_card,489.53,4.7619,25.76,7.9
884-94-6414,B,Yangon,Normal,Female,Health_and_beauty,70.91,7,26.06,521.19,2019-02-23,11:17,Cash,495.13,4.7619,26.06,7.9
158-95-8981,B,Naypyitaw,Member,Female,Electronic_accessories,80.78,4,16.96,339.28,2019-03-31,13:45,Ewallet,322.32,4.7619,16.96,5.7
329-69-6603,B,Naypyitaw,Member,Male,Health_and_beauty,53.73,2,5.64,112.83,2019-03-30,17:36,Ewallet,107.19,4.7619,5.64,5.4
698-94-9761,B,Mandalay,Member,Female,Home_and_lifestyle,24.07,10,12.64,252.73,2019-03-09,16:08,Ewallet,240.09,4.7619,12.64,7.0
685-61-5476,C,Yangon,Normal,Female,Home_and_lifestyle,51.4,4,10.79,215.88,2019-01-04,17:47,Credit_card,205.09,4.7619,10.79,8.7
309-69-2234,A,Yangon,Normal,Male,Home_and_lifestyle,57.69,8,24.23,484.6,2019-02-06,13:27,Ewallet,460.37,4.7619,24.23,7.7
430-68-5193,C,Naypyitaw,Normal,Female,Health_and_beauty,9.07,9,4.29,85.71,2019-03-18,19:07,Credit_card,81.42,4.7619,4.29,8.7
796-78-1201,C,Mandalay,Normal,Female,Home_and_lifestyle,27.36,4,5.75,114.91,2019-02-28,19:25,Cash,109.16,4.7619,5.75,8.3
506-53-7102,C,Naypyitaw,Normal,Male,Health_and_beauty,47.39,8,19.9,398.08,2019-03-17,16:57,Cash,378.18,4.7619,19.9,9.9
218-60-8381,C,Mandalay,Normal,Female,Health_and_beauty,72.99,8,30.66,613.12,2019-03-19,13:44,Credit_card,582.46,4.7619,30.66,6.2
464-71-3341,A,Mandalay,Normal,Female,Home_and_lifestyle,79.18,9,37.41,748.25,2019-02-04,21:26,Cash,710.84,4.7619,37.41,8.2
277-68-7677,A,Mandalay,Member,Female,Health_and_beauty,58.49,7,21.5,429.9,2019-03-14,22:33,Credit_card,408.4,4.7619,21.5,8.0
148-47-5485,A,Naypyitaw,Member,Male,Health_and_beauty,61.94,7,22.76,455.26,2019-01-13,15:12,Credit_card,432.5,4.7619,22.76,7.7
512-25-7612,A,Naypyitaw,Normal,Female,Electronic_accessories,94.51,4,19.85,396.94,2019-01-05,22:04,Credit_card,377.09,4.7619,19.85,8.5
299-13-6400,C,Naypyitaw,Normal,Male,Electronic_accessories,91.79,3,14.46,289.14,2019-01-28,20:35,Cash,274.68,4.7619,14.46,6.0
117-85-3082,C,Naypyitaw,Member,Female,Health_and_beauty,56.6,7,20.8,416.01,2019-01-19,17:20,Credit_card,395.21,4.7619,20.8,5.9
338-84-3529,A,Naypyitaw,Member,Male,Health_and_beauty,23.82,8,10.0,200.09,2019-02-16,10:57,Cash,190.09,4.7619,10.0,5.6
395-27-5196,B,Yangon,Normal,Female,Home_and_lifestyle,67.39,8,28.3,566.08,2019-02-23,17:27,Cash,537.78,4.7619,28.3,6.4
206-45-4931,B,Mandalay,Member,Male,Electronic_accessories,69.51,5,18.25,364.93,2019-02-26,18:04,Ewallet,346.68,4.7619,18.25,6.2
803-23-1189,A,Naypyitaw,Normal,Female,Home_and_lifestyle,48.0,10,25.2,504.0,2019-02-16,11:56,Cash,478.8,4.7619,25.2,9.1
307-92-9191,A,Mandalay,Normal,Male,Electronic_accessories,78.08,8,32.79,655.87,2019-02-15,16:05,Credit_card,623.08,4.7619,32.79,9.1
416-20-2905,C,Yangon,Member,Female,Electronic_accessories,78.04,4,16.39,327.77,2019-01-07,15:06,Credit_card,311.38,4.7619,16.39,5.1
166-67-2122,A,Naypyitaw,Normal,Male,Home_and_lifestyle,98.72,6,31.1,621.94,2019-03-18,22:51,Ewallet,590.84,4.7619,31.1,9.9
750-39-6979,C,Naypyitaw,Normal,Female,Electronic_accessories,64.99,7,23.88,477.68,2019-02-04,21:00,Cash,453.8,4.7619,23.88,7.5
823-40-5565,A,Naypyitaw,Member,Female,Home_and_lifestyle,34.43,7,12.65,253.06,2019-03-15,12:24,Cash,240.41,4.7619,12.65,5.6
583-32-7083,A,Mandalay,Member,Male,Home_and_lifestyle,52.72,1,2.77,55.36,2019-02-01,19:04,Credit_card,52.59,4.7619,2.77,8.0
306-60-6998,B,Yangon,Normal,Female,Electronic_accessories,83.88,1,4.4,88.07,2019-03-09,16:21,Ewallet,83.67,4.7619,4.4,6.5
578-39-7121,B,Naypyitaw,Member,Male,Health_and_beauty,54.17,5,14.22,284.39,2019-04-01,10:31,Credit_card,270.17,4.7619,14.22,7.3
408-47-8313,B,Mandalay,Normal,Female,Home_and_lifestyle,89.72,5,23.55,471.03,2019-01-30,15:10,Credit_card,447.48,4.7619,23.55,8.8
817-87-2199,A,Naypyitaw,Normal,Female,Electronic_accessories,39.41,5,10.35,206.9,2019-02-10,21:45,Ewallet,196.55,4.7619,10.35,7.4
981-56-6868,B,Yangon,Normal,Female,Electronic_accessories,32.95,2,3.46,69.2,2019-01-18,19:58,Cash,65.74,4.7619,3.46,5.8
122-64-2474,B,Yangon,Normal,Male,Electronic_accessories,29.83,4,6.26,125.29,2019-01-20,14:56,Cash,119.03,4.7619,6.26,7.7
649-20-1099,C,Mandalay,Member,Female,Electronic_accessories,11.95,1,0.63,12.55,2019-01-05,10:50,Credit_card,11.92,4.7619,0.63,7.0
374-62-3748,B,Mandalay,Member,Female,Electronic_accessories,45.0,10,23.62,472.5,2019-01-05,13:18,Credit_card,448.88,4.7619,23.62,6.4
246-31-4679,C,Yangon,Member,Male,Electronic_accessories,22.25,9,10.51,210.26,2019-02-17,21:54,Ewallet,199.75,4.7619,10.51,6.9
133-57-7721,A,Yangon,Normal,Female,Health_and_beauty,45.4,9,21.45,429.03,2019-02-21,18:29,Credit_card,407.58,4.7619,21.45,6.4
621-48-7420,A,Naypyitaw,Normal,Female,Electronic_accessories,59.59,2,6.26,125.14,2019-02-21,11:51,Credit_card,118.88,4.7619,6.26,9.5
699-32-8978,B,Mandalay,Member,Female,Home_and_lifestyle,72.16,7,26.52,530.38,2019-03-30,17:32,Ewallet,503.86,4.7619,26.52,7.7
905-21-3526,A,Mandalay,Member,Female,Health_and_beauty,84.45,3,13.3,266.02,2019-03-14,21:53,Credit_card,252.72,4.7619,13.3,8.0
627-99-7643,A,Naypyitaw,Member,Female,Health_and_beauty,43.69,6,13.76,275.25,2019-02-27,11:44,Cash,261.49,4.7619,13.76,9.1
413-13-8888,A,Mandalay,Normal,Male,Health_and_beauty,50.53,1,2.65,53.06,2019-01-11,18:14,Ewallet,50.41,4.7619,2.65,7.9
629-17-1323,C,Mandalay,Normal,Male,Home_and_lifestyle,32.9,6,10.36,207.27,2019-01-02,16:25,Cash,196.91,4.7619,10.36,9.8
395-91-4180,B,Naypyitaw,Normal,Male,Electronic_accessories,32.24,6,10.16,203.11,2019-02-02,21:49,Cash,192.95,4.7619,10.16,7.3
965-27-1698,B,Naypyitaw,Normal,Male,Home_and_lifestyle,69.45,10,36.46,729.23,2019-04-01,18:53,Credit_card,692.77,4.7619,36.46,7.1
259-10-8998,C,Yangon,Normal,Male,Electronic_accessories,30.08,8,12.63,252.67,2019-03-15,15:49,Cash,240.04,4.7619,12.63,9.8
555-38-1030,A,Mandalay,Member,Female,Electronic_accessories,6.15,4,1.29,25.83,2019-01-24,21:31,Ewallet,24.54,4.7619,1.29,6.1
593-36-9258,C,Naypyitaw,Member,Female,Home_and_lifestyle,58.11,9,27.46,549.14,2019-03-09,21:17,Credit_card,521.68,4.7619,27.46,8.2
456-21-7311,A,Naypyitaw,Member,Male,Health_and_beauty,52.98,6,16.69,333.77,2019-03-07,10:22,Credit_card,317.08,4.7619,16.69,6.0
628-27-3279,B,Mandalay,Normal,Male,Electronic_accessories,58.43,10,30.68,613.51,2019-01-28,17:22,Credit_card,582.83,4.7619,30.68,8.4
597-83-9817,C,Naypyitaw,Member,Female,Health_and_beauty,86.34,9,40.8,815.91,2019-03-14,10:56,Cash,775.11,4.7619,40.8,7.6
838-91-3769,A,Naypyitaw,Normal,Female,Health_and_beauty,38.16,5,10.02,200.34,2019-02-02,13:59,Credit_card,190.32,4.7619,10.02,8.0
872-37-2172,A,Mandalay,Member,Female,Home_and_lifestyle,38.64,8,16.23,324.58,2019-03-06,20:54,Credit_card,308.35,4.7619,16.23,6.9
965-79-3777,B,Naypyitaw,Member,Male,Electronic_accessories,72.15,9,34.09,681.82,2019-01-05,20:52,Cash,647.73,4.7619,34.09,9.2
137-69-6885,B,Naypyitaw,Member,Female,Home_and_lifestyle,18.64,6,5.87,117.43,2019-03-25,14:53,Cash,111.56,4.7619,5.87,7.4
165-15-6563,A,Mandalay,Normal,Male,Electronic_accessories,41.08,7,15.1,301.94,2019-02-04,14:48,Cash,286.84,4.7619,15.1,5.6
130-29-4789,B,Naypyitaw,Member,Female,Home_and_lifestyle,22.3,10,11.71,234.15,2019-03-08,15:33,Cash,222.44,4.7619,11.71,7.6
270-37-9327,C,Naypyitaw,Member,Male,Home_and_lifestyle,51.5,2,5.41,108.15,2019-03-06,14:44,Ewallet,102.74,4.7619,5.41,8.8
570-95-5270,B,Yangon,Member,Male,Health_and_beauty,61.65,1,3.24,64.73,2019-01-17,14:09,Cash,61.49,4.7619,3.24,6.7
685-59-4502,C,Yangon,Member,Female,Health_and_beauty,43.44,4,9.12,182.45,2019-01-26,20:52,Cash,173.33,4.7619,9.12,9.5
254-15-5914,C,Mandalay,Normal,Female,Electronic_accessories,34.43,8,14.46,289.21,2019-02-06,18:00,Cash,274.75,4.7619,14.46,5.8
946-21-8037,A,Mandalay,Normal,Female,Electronic_accessories,68.84,2,7.23,144.56,2019-03-21,16:14,Ewallet,137.33,4.7619,7.23,9.3
861-28-1941,C,Naypyitaw,Member,Female,Home_and_lifestyle,93.98,9,44.41,888.11,2019-02-06,16:06,Ewallet,843.7,4.7619,44.41,6.1
496-39-4253,C,Yangon,Normal,Male,Home_and_lifestyle,91.74,5,24.08,481.63,2019-01-26,19:59,Credit_card,457.55,4.7619,24.08,5.5
679-17-6348,B,Mandalay,Member,Female,Home_and_lifestyle,99.6,4,20.92,418.32,2019-01-30,22:59,Cash,397.4,4.7619,20.92,9.8
179-77-5469,C,Naypyitaw,Member,Male,Electronic_accessories,13.82,3,2.18,43.53,2019-02-27,10:28,Ewallet,41.35,4.7619,2.18,9.2
772-86-3593,B,Yangon,Member,Male,Home_and_lifestyle,99.93,9,47.22,944.34,2019-01-05,12:06,Cash,897.12,4.7619,47.22,5.3
185-81-3717,C,Yangon,Normal,Female,Health_and_beauty,59.25,8,24.89,497.7,2019-01-06,18:07,Ewallet,472.81,4.7619,24.89,8.1
918-23-7159,B,Naypyitaw,Normal,Male,Home_and_lifestyle,99.54,6,31.36,627.1,2019-02-19,14:53,Ewallet,595.74,4.7619,31.36,7.4
427-46-5658,C,Mandalay,Member,Male,Electronic_accessories,54.84,5,14.4,287.91,2019-01-24,22:43,Credit_card,273.51,4.7619,14.4,5.8
217-82-4563,B,Naypyitaw,Normal,Female,Health_and_beauty,19.07,8,8.01,160.19,2019-02-28,11:19,Ewallet,152.18,4.7619,8.01,8.4
950-81-2940,B,Yangon,Normal,Male,Home_and_lifestyle,79.17,7,29.09,581.9,2019-01-15,13:35,Credit_card,552.81,4.7619,29.09,8.4
355-31-3735,C,Naypyitaw,Normal,Male,Health_and_beauty,15.26,10,8.01,160.23,2019-03-01,21:41,Ewallet,152.22,4.7619,8.01,9.4
366-35-7082,C,Mandalay,Member,Female,Electronic_accessories,98.58,10,51.75,1035.09,2019-02-13,22:16,Credit_card,983.34,4.7619,51.75,9.8
262-71-4464,C,Mandalay,Normal,Male,Electronic_accessories,6.73,3,1.06,21.2,2019-02-18,18:44,Cash,20.14,4.7619,1.06,5.6
847-32-1639,C,Naypyitaw,Member,Female,Electronic_accessories,11.88,8,4.99,99.79,2019-03-07,13:43,Cash,94.8,4.7619,4.99,6.5
473-23-4197,C,Mandalay,Normal,Male,Electronic_accessories,60.66,8,25.48,509.54,2019-02-04,10:20,Ewallet,484.06,4.7619,25.48,6.9
800-43-9698,B,Naypyitaw,Member,Male,Home_and_lifestyle,85.25,2,8.95,179.03,2019-03-14,21:13,Ewallet,170.08,4.7619,8.95,6.7
312-49-4512,C,Yangon,Normal,Male,Health_and_beauty,84.35,10,44.28,885.68,2019-01-24,12:19,Ewallet,841.4,4.7619,44.28,9.3
547-67-4466,B,Mandalay,Normal,Female,Electronic_accessories,61.88,6,19.49,389.84,2019-01-26,13:33,Cash,370.35,4.7619,19.49,7.5
209-23-6338,A,Naypyitaw,Member,Female,Electronic_accessories,30.13,8,12.65,253.09,2019-03-20,22:20,Credit_card,240.44,4.7619,12.65,8.7
662-49-1228,B,Naypyitaw,Member,Male,Home_and_lifestyle,83.41,6,26.27,525.48,2019-02-23,20:00,Ewallet,499.21,4.7619,26.27,8.3
760-72-8005,A,Mandalay,Normal,Female,Electronic_accessories,14.41,4,3.03,60.52,2019-03-09,13:02,Credit_card,57.49,4.7619,3.03,7.9
555-90-7515,A,Naypyitaw,Member,Female,Home_and_lifestyle,40.94,5,10.75,214.94,2019-01-08,14:47,Cash,204.19,4.7619,10.75,7.0
744-17-6558,B,Mandalay,Normal,Female,Home_and_lifestyle,43.09,10,22.62,452.45,2019-03-04,22:02,Ewallet,429.83,4.7619,22.62,9.9
203-18-4202,C,Yangon,Member,Male,Home_and_lifestyle,18.3,1,0.96,19.21,2019-04-01,13:20,Credit_card,18.25,4.7619,0.96,7.4
824-87-3387,A,Mandalay,Normal,Female,Health_and_beauty,69.54,2,7.3,146.03,2019-01-08,22:31,Credit_card,138.73,4.7619,7.3,7.3
106-95-8645,A,Yangon,Normal,Female,Home_and_lifestyle,68.11,4,14.3,286.06,2019-02-03,21:27,Credit_card,271.76,4.7619,14.3,6.3
432-76-4236,B,Mandalay,Member,Female,Home_and_lifestyle,40.14,7,14.75,295.03,2019-02-06,17:33,Credit_card,280.28,4.7619,14.75,7.1
280-43-4219,B,Mandalay,Member,Female,Health_and_beauty,56.47,8,23.72,474.35,2019-02-24,14:33,Cash,450.63,4.7619,23.72,8.6
149-18-7137,B,Yangon,Member,Male,Electronic_accessories,30.3,9,14.32,286.33,2019-01-10,14:12,Credit_card,272.01,4.7619,14.32,5.6
273-69-4842,B,Naypyitaw,Normal,Male,Home_and_lifestyle,45.21,8,18.99,379.76,2019-03-25,21:19,Credit_card,360.77,4.7619,18.99,9.6
623-55-4650,A,Naypyitaw,Normal,Female,Health_and_beauty,13.63,1,0.72,14.31,2019-02-13,14:23,Credit_card,13.59,4.7619,0.72,9.8
610-12-1602,B,Yangon,Member,Female,Health_and_beauty,11.29,1,0.59,11.85,2019-01-12,18:32,Credit_card,11.26,4.7619,0.59,8.3
848-82-6222,A,Mandalay,Member,Male,Electronic_accessories,66.88,10,35.11,702.24,2019-02-22,17:47,Credit_card,667.13,4.7619,35.11,6.5
235-94-3542,B,Mandalay,Member,Male,Health_and_beauty,52.79,3,8.31,166.29,2019-03-12,11:15,Cash,157.98,4.7619,8.31,8.4
584-22-9407,B,Yangon,Member,Male,Health_and_beauty,13.35,3,2.1,42.05,2019-02-14,16:21,Ewallet,39.95,4.7619,2.1,6.7
672-24-8822,A,Mandalay,Normal,Male,Home_and_lifestyle,64.2,1,3.37,67.41,2019-03-03,21:15,Credit_card,64.04,4.7619,3.37,8.5
837-98-8948,B,Mandalay,Normal,Male,Health_and_beauty,73.95,5,19.41,388.24,2019-01-13,18:09,Cash,368.83,4.7619,19.41,5.5
768-66-9899,C,Yangon,Member,Male,Health_and_beauty,78.88,7,28.99,579.77,2019-01-08,13:03,Ewallet,550.78,4.7619,28.99,8.9
166-79-3627,A,Mandalay,Normal,Female,Home_and_lifestyle,81.44,6,25.65,513.07,2019-03-14,22:46,Credit_card,487.42,4.7619,25.65,7.6
134-13-8724,B,Mandalay,Member,Male,Home_and_lifestyle,23.98,7,8.81,176.25,2019-01-13,21:54,Cash,167.44,4.7619,8.81,8.8
322-88-9221,A,Yangon,Normal,Female,Electronic_accessories,86.08,2,9.04,180.77,2019-01-01,10:25,Ewallet,171.73,4.7619,9.04,7.0
706-57-1539,A,Mandalay,Member,Male,Health_and_beauty,12.44,2,1.31,26.12,2019-01-11,16:26,Credit_card,24.81,4.7619,1.31,5.1
238-79-4416,C,Yangon,Normal,Male,Electronic_accessories,77.78,1,4.08,81.67,2019-03-23,20:23,Cash,77.59,4.7619,4.08,8.7
235-13-3681,B,Naypyitaw,Member,Male,Health_and_beauty,6.01,3,0.95,18.93,2019-01-14,19:28,Credit_card,17.98,4.7619,0.95,5.2
125-96-3043,C,Mandalay,Normal,Male,Health_and_beauty,41.43,6,13.05,261.01,2019-02-15,18:35,Ewallet,247.96,4.7619,13.05,9.0
996-70-8807,C,Naypyitaw,Normal,Female,Electronic_accessories,81.45,8,34.21,684.18,2019-03-04,12:54,Cash,649.97,4.7619,34.21,6.2
241-87-6546,A,Naypyitaw,Normal,Male,Home_and_lifestyle,59.75,5,15.68,313.69,2019-01-25,12:19,Ewallet,298.01,4.7619,15.68,6.3
806-24-4035,C,Naypyitaw,Normal,Male,Home_and_lifestyle,31.58,1,1.66,33.16,2019-01-13,13:47,Ewallet,31.5,4.7619,1.66,8.3
155-47-5751,B,Mandalay,Normal,Female,Health_and_beauty,48.51,3,7.64,152.81,2019-02-16,11:11,Cash,145.17,4.7619,7.64,5.8
175-16-7128,A,Naypyitaw,Member,Female,Electronic_accessories,8.21,1,0.43,8.62,2019-03-12,22:12,Credit_card,8.19,4.7619,0.43,5.4
804-17-4000,B,Mandalay,Normal,Female,Home_and_lifestyle,95.24,1,5.0,100.0,2019-01-20,17:05,Credit_card,95.0,4.7619,5.0,8.6
969-49-2673,A,Naypyitaw,Normal,Male,Electronic_accessories,39.78,6,12.53,250.61,2019-02-25,18:36,Credit_card,238.08,4.7619,12.53,8.7
259-15-7608,A,Naypyitaw,Normal,Male,Health_and_beauty,71.06,1,3.73,74.61,2019-01-04,12:08,Cash,70.88,4.7619,3.73,9.2
701-36-9902,B,Naypyitaw,Normal,Female,Home_and_lifestyle,85.17,9,40.24,804.86,2019-03-04,21:58,Credit_card,764.62,4.7619,40.24,6.8
958-24-5883,A,Mandalay,Member,Male,Electronic_accessories,15.57,6,4.9,98.09,2019-03-14,11:30,Credit_card,93.19,4.7619,4.9,9.4
305-97-6616,C,Naypyitaw,Member,Male,Health_and_beauty,8.32,8,3.49,69.89,2019-01-30,13:47,Cash,66.4,4.7619,3.49,6.2
978-15-1145,B,Naypyitaw,Member,Male,Electronic_accessories,85.94,8,36.09,721.9,2019-01-17,17:36,Ewallet,685.81,4.7619,36.09,8.9
408-95-1250,A,Yangon,Member,Male,Electronic_accessories,86.97,3,13.7,273.96,2019-01-02,14:11,Cash,260.26,4.7619,13.7,9.3
989-15-5519,B,Yangon,Member,Male,Home_and_lifestyle,91.22,6,28.73,574.69,2019-02-21,13:53,Ewallet,545.96,4.7619,28.73,8.7
893-56-1140,B,Naypyitaw,Normal,Male,Electronic_accessories,36.24,6,11.42,228.31,2019-03-18,15:45,Credit_card,216.89,4.7619,11.42,7.0
857-60-7817,C,Yangon,Normal,Female,Home_and_lifestyle,38.56,9,18.22,364.39,2019-03-24,14:58,Credit_card,346.17,4.7619,18.22,7.2
854-84-5682,C,Yangon,Member,Female,Home_and_lifestyle,17.45,5,4.58,91.61,2019-03-22,19:29,Credit_card,87.03,4.7619,4.58,6.3
424-87-5271,C,Mandalay,Member,Female,Health_and_beauty,81.22,6,25.58,511.69,2019-02-24,11:41,Cash,486.11,4.7619,25.58,7.4
225-44-2985,B,Yangon,Member,Male,Home_and_lifestyle,89.46,5,23.48,469.66,2019-02-10,13:50,Cash,446.18,4.7619,23.48,10.0
795-88-7040,B,Yangon,Member,Female,Home_and_lifestyle,71.38,3,11.24,224.85,2019-03-07,13:40,Ewallet,213.61,4.7619,11.24,7.6
352-81-9832,B,Mandalay,Normal,Male,Home_and_lifestyle,87.26,4,18.32,366.49,2019-02-16,20:33,Cash,348.17,4.7619,18.32,6.7
527-56-6408,B,Naypyitaw,Normal,Male,Electronic_accessories,60.85,6,19.17,383.36,2019-03-20,20:35,Cash,364.19,4.7619,19.17,6.6
369-73-2171,C,Yangon,Normal,Male,Electronic_accessories,25.15,5,6.6,132.04,2019-03-25,18:51,Credit_card,125.44,4.7619,6.6,6.1
525-98-1063,C,Naypyitaw,Member,Female,Home_and_lifestyle,36.07,3,5.68,113.62,2019-02-10,16:05,Ewallet,107.94,4.7619,5.68,8.9
583-76-6416,C,Yangon,Member,Male,Home_and_lifestyle,29.4,9,13.89,277.83,2019-03-04,12:29,Ewallet,263.94,4.7619,13.89,6.8
648-73-3642,B,Yangon,Normal,Male,Electronic_accessories,25.03,1,1.31,26.28,2019-02-28,17:51,Cash,24.97,4.7619,1.31,9.2
679-94-4742,C,Naypyitaw,Normal,Female,Health_and_beauty,62.2,8,26.12,522.48,2019-02-03,20:17,Ewallet,496.36,4.7619,26.12,9.5
509-23-2063,B,Yangon,Normal,Male,Home_and_lifestyle,52.43,1,2.75,55.05,2019-02-18,21:31,Cash,52.3,4.7619,2.75,6.6
362-90-9454,C,Mandalay,Member,Male,Home_and_lifestyle,62.1,10,32.6,652.05,2019-02-07,13:46,Credit_card,619.45,4.7619,32.6,5.0
434-86-1927,A,Mandalay,Member,Male,Health_and_beauty,33.14,3,5.22,104.39,2019-02-12,15:47,Credit_card,99.17,4.7619,5.22,5.1
399-33-1889,A,Mandalay,Normal,Female,Electronic_accessories,28.06,6,8.84,176.78,2019-03-28,14:47,Credit_card,167.94,4.7619,8.84,8.2
959-54-4107,B,Naypyitaw,Normal,Male,Home_and_lifestyle,64.34,2,6.76,135.11,2019-02-02,14:22,Cash,128.35,4.7619,6.76,8.1
268-39-5273,B,Yangon,Member,Male,Health_and_beauty,44.47,7,16.34,326.85,2019-01-07,15:52,Credit_card,310.51,4.7619,16.34,7.1
808-99-5760,C,Naypyitaw,Member,Female,Electronic_accessories,67.13,1,3.52,70.49,2019-03-03,13:13,Credit_card,66.97,4.7619,3.52,7.4
300-44-8056,A,Mandalay,Normal,Female,Home_and_lifestyle,27.94,1,1.47,29.34,2019-01-10,17:01,Ewallet,27.87,4.7619,1.47,7.7
413-50-5643,A,Naypyitaw,Member,Female,Health_and_beauty,64.48,4,13.54,270.82,2019-03-14,10:16,Cash,257.28,4.7619,13.54,7.9
546-35-4932,A,Yangon,Member,Male,Home_and_lifestyle,15.24,1,0.8,16.0,2019-01-19,18:28,Ewallet,15.2,4.7619,0.8,8.5
668-26-7432,B,Naypyitaw,Member,Male,Home_and_lifestyle,72.34,10,37.98,759.57,2019-02-18,14:23,Ewallet,721.59,4.7619,37.98,5.1
204-42-1084,C,Naypyitaw,Normal,Female,Home_and_lifestyle,18.07,3,2.85,56.92,2019-01-17,19:59,Ewallet,54.07,4.7619,2.85,7.0
839-92-9427,C,Yangon,Normal,Male,Electronic_accessories,76.37,2,8.02,160.38,2019-03-11,18:38,Cash,152.36,4.7619,8.02,5.2
322-54-7842,C,Yangon,Normal,Male,Home_and_lifestyle,19.65,1,1.03,20.63,2019-01-18,12:10,Credit_card,19.6,4.7619,1.03,6.2
604-57-8360,C,Mandalay,Normal,Male,Home_and_lifestyle,21.51,2,2.26,45.17,2019-01-29,22:01,Ewallet,42.91,4.7619,2.26,8.0
297-21-4913,A,Naypyitaw,Normal,Male,Electronic_accessories,41.3,5,10.84,216.83,2019-01-13,20:28,Cash,205.99,4.7619,10.84,9.5
219-23-1184,A,Naypyitaw,Member,Male,Health_and_beauty,79.99,5,21.0,419.95,2019-03-29,14:21,Cash,398.95,4.7619,21.0,8.2
836-34-2067,B,Mandalay,Normal,Male,Electronic_accessories,42.58,3,6.71,134.13,2019-03-21,11:53,Cash,127.42,4.7619,6.71,5.5
742-20-4976,A,Yangon,Member,Male,Electronic_accessories,33.19,4,6.97,139.4,2019-01-27,19:08,Credit_card,132.43,4.7619,6.97,7.3
576-34-9120,A,Yangon,Member,Male,Health_and_beauty,80.47,2,8.45,168.99,2019-01-13,16:42,Cash,160.54,4.7619,8.45,9.1
331-38-2176,B,Mandalay,Member,Male,Health_and_beauty,64.06,2,6.73,134.53,2019-01-19,20:01,Cash,127.8,4.7619,6.73,9.7
795-26-8659,C,Yangon,Normal,Male,Electronic_accessories,23.64,6,7.45,148.93,2019-02-10,21:19,Cash,141.48,4.7619,7.45,5.5
511-97-2728,A,Naypyitaw,Member,Female,Health_and_beauty,55.84,1,2.93,58.63,2019-01-09,17:41,Cash,55.7,4.7619,2.93,7.8
329-16-5642,B,Mandalay,Normal,Female,Electronic_accessories,55.22,9,26.09,521.83,2019-02-12,16:10,Credit_card,495.74,4.7619,26.09,7.5
243-36-9324,A,Mandalay,Member,Male,Health_and_beauty,56.32,4,11.83,236.54,2019-03-25,16:13,Cash,224.71,4.7619,11.83,8.1
984-84-5560,C,Yangon,Member,Female,Home_and_lifestyle,59.22,10,31.09,621.81,2019-01-23,10:57,Ewallet,590.72,4.7619,31.09,9.7
293-17-5573,C,Yangon,Member,Female,Home_and_lifestyle,80.12,9,37.86,757.13,2019-03-17,13:11,Credit_card,719.27,4.7619,37.86,5.5
693-84-3384,C,Mandalay,Member,Male,Home_and_lifestyle,85.29,2,8.96,179.11,2019-01-10,10:49,Cash,170.15,4.7619,8.96,6.7
815-40-2077,B,Naypyitaw,Member,Female,Home_and_lifestyle,95.78,5,25.14,502.84,2019-03-30,20:21,Cash,477.7,4.7619,25.14,8.3
588-79-9332,A,Yangon,Normal,Male,Electronic_accessories,19.98,10,10.49,209.79,2019-03-13,20:34,Ewallet,199.3,4.7619,10.49,6.1
536-48-9998,A,Naypyitaw,Member,Female,Electronic_accessories,35.68,5,9.37,187.32,2019-03-31,15:37,Ewallet,177.95,4.7619,9.37,7.1
688-65-8756,B,Naypyitaw,Normal,Male,Electronic_accessories,62.53,3,9.85,196.97,2019-01-17,22:41,Cash,187.12,4.7619,9.85,6.0
723-41-3531,B,Mandalay,Normal,Female,Home_and_lifestyle,47.76,10,25.07,501.48,2019-02-09,14:28,Ewallet,476.41,4.7619,25.07,7.0
807-21-1502,C,Yangon,Member,Male,Home_and_lifestyle,7.66,10,4.02,80.43,2019-02-18,19:26,Cash,76.41,4.7619,4.02,7.0
448-26-5269,B,Yangon,Member,Female,Home_and_lifestyle,66.24,7,24.34,486.86,2019-03-03,22:12,Ewallet,462.52,4.7619,24.34,6.7
239-21-6490,B,Mandalay,Normal,Female,Electronic_accessories,38.47,10,20.2,403.94,2019-03-12,18:12,Credit_card,383.74,4.7619,20.2,7.0
875-66-1050,A,Mandalay,Member,Male,Electronic_accessories,88.79,3,13.98,279.69,2019-02-16,13:52,Cash,265.71,4.7619,13.98,9.9
753-67-1354,B,Naypyitaw,Member,Female,Health_and_beauty,26.08,2,2.74,54.77,2019-02-25,12:47,Cash,52.03,4.7619,2.74,8.7
757-95-5946,A,Yangon,Member,Female,Health_and_beauty,76.64,1,4.02,80.47,2019-02-13,20:33,Credit_card,76.45,4.7619,4.02,9.5
474-41-7363,B,Naypyitaw,Member,Male,Health_and_beauty,17.25,6,5.43,108.68,2019-03-27,17:47,Ewallet,103.25,4.7619,5.43,6.8
509-73-1938,B,Mandalay,Normal,Female,Home_and_lifestyle,27.82,7,10.22,204.48,2019-03-09,10:31,Credit_card,194.26,4.7619,10.22,6.3
462-81-1093,B,Yangon,Normal,Female,Home_and_lifestyle,30.74,7,11.3,225.94,2019-03-19,15:50,Ewallet,214.64,4.7619,11.3,5.3
252-96-2031,C,Mandalay,Member,Male,Electronic_accessories,51.07,5,13.41,268.12,2019-02-22,13:48,Ewallet,254.71,4.7619,13.41,9.4
261-42-6736,B,Naypyitaw,Normal,Male,Home_and_lifestyle,67.27,6,21.19,423.8,2019-01-26,13:08,Cash,402.61,4.7619,21.19,6.0
893-95-6958,A,Yangon,Member,Male,Home_and_lifestyle,76.2,10,40.01,800.1,2019-03-22,11:00,Credit_card,760.09,4.7619,40.01,7.8
618-99-2358,A,Naypyitaw,Normal,Male,Home_and_lifestyle,31.46,3,4.96,99.1,2019-03-11,22:22,Credit_card,94.14,4.7619,4.96,5.6
246-22-8609,C,Yangon,Member,Male,Electronic_accessories,36.01,4,7.56,151.24,2019-03-22,15:15,Ewallet,143.68,4.7619,7.56,7.2
273-56-5148,A,Naypyitaw,Normal,Male,Electronic_accessories,33.5,6,10.55,211.05,2019-02-02,15:08,Credit_card,200.5,4.7619,10.55,5.7
608-48-3045,C,Mandalay,Normal,Female,Health_and_beauty,82.23,5,21.59,431.71,2019-03-02,18:51,Credit_card,410.12,4.7619,21.59,7.8
131-72-7098,C,Naypyitaw,Member,Female,Health_and_beauty,14.86,7,5.46,109.22,2019-02-05,13:55,Ewallet,103.76,4.7619,5.46,6.1
284-72-3786,B,Mandalay,Normal,Female,Health_and_beauty,28.24,5,7.41,148.26,2019-01-12,13:12,Ewallet,140.85,4.7619,7.41,7.2
374-60-6715,A,Mandalay,Member,Female,Home_and_lifestyle,63.47,4,13.33,266.57,2019-01-18,12:38,Credit_card,253.24,4.7619,13.33,8.2
134-73-7181,A,Yangon,Normal,Female,Electronic_accessories,67.35,7,24.75,495.02,2019-02-08,22:26,Credit_card,470.27,4.7619,24.75,5.3
762-24-1101,A,Yangon,Normal,Female,Health_and_beauty,72.1,5,18.93,378.53,2019-02-08,15:27,Cash,359.6,4.7619,18.93,7.8
539-12-8616,C,Naypyitaw,Normal,Female,Home_and_lifestyle,52.01,2,5.46,109.22,2019-01-01,11:22,Cash,103.76,4.7619,5.46,7.8
830-60-1968,B,Naypyitaw,Member,Male,Health_and_beauty,32.18,6,10.14,202.73,2019-01-07,20:04,Cash,192.59,4.7619,10.14,8.9
959-50-7968,A,Yangon,Normal,Male,Home_and_lifestyle,61.01,1,3.2,64.06,2019-01-14,19:57,Ewallet,60.86,4.7619,3.2,5.3
120-40-5458,B,Yangon,Member,Male,Home_and_lifestyle,22.04,3,3.47,69.43,2019-02-26,14:29,Credit_card,65.96,4.7619,3.47,5.1
883-84-7372,B,Naypyitaw,Member,Female,Home_and_lifestyle,86.68,8,36.41,728.11,2019-03-14,13:36,Cash,691.7,4.7619,36.41,10.0
306-64-2590,C,Naypyitaw,Member,Male,Health_and_beauty,29.62,8,12.44,248.81,2019-03-07,22:13,Ewallet,236.37,4.7619,12.44,8.4
476-67-8591,B,Yangon,Member,Male,Health_and_beauty,83.75,8,35.18,703.5,2019-02-17,22:31,Ewallet,668.32,4.7619,35.18,7.6
777-43-6739,A,Yangon,Normal,Male,Home_and_lifestyle,54.36,8,22.83,456.62,2019-03-20,15:44,Credit_card,433.79,4.7619,22.83,9.9
167-94-1753,B,Yangon,Normal,Male,Health_and_beauty,30.75,8,12.92,258.3,2019-02-09,12:14,Cash,245.38,4.7619,12.92,7.1
903-39-2748,C,Naypyitaw,Normal,Female,Home_and_lifestyle,18.16,3,2.86,57.2,2019-03-19,22:46,Cash,54.34,4.7619,2.86,9.3
923-68-6487,B,Naypyitaw,Normal,Female,Home_and_lifestyle,34.78,5,9.13,182.6,2019-01-04,14:54,Cash,173.47,4.7619,9.13,8.9
544-80-9318,A,Naypyitaw,Normal,Male,Electronic_accessories,82.49,7,30.31,606.3,2019-02-23,22:07,Cash,575.99,4.7619,30.31,5.8
968-67-6177,C,Naypyitaw,Member,Female,Electronic_accessories,73.92,9,34.93,698.54,2019-03-02,16:14,Cash,663.61,4.7619,34.93,7.6
805-23-1574,C,Yangon,Member,Female,Health_and_beauty,69.59,3,10.96,219.21,2019-01-11,11:35,Ewallet,208.25,4.7619,10.96,5.9
634-15-7439,B,Naypyitaw,Member,Male,Home_and_lifestyle,35.01,9,16.54,330.84,2019-03-09,11:26,Credit_card,314.3,4.7619,16.54,8.3
739-14-6335,B,Mandalay,Normal,Female,Health_and_beauty,36.42,3,5.74,114.72,2019-01-01,22:25,Credit_card,108.98,4.7619,5.74,7.4
695-34-1523,C,Mandalay,Normal,Male,Health_and_beauty,13.21,2,1.39,27.74,2019-02-09,11:06,Ewallet,26.35,4.7619,1.39,6.1
376-57-8048,B,Yangon,Normal,Male,Electronic_accessories,6.26,3,0.99,19.72,2019-03-17,10:42,Ewallet,18.73,4.7619,0.99,7.3
210-80-8928,C,Yangon,Member,Female,Home_and_lifestyle,75.77,2,7.96,159.12,2019-02-10,20:24,Credit_card,151.16,4.7619,7.96,5.9
567-46-3528,C,Naypyitaw,Normal,Male,Home_and_lifestyle,96.21,5,25.26,505.1,2019-02-15,11:22,Ewallet,479.84,4.7619,25.26,7.1
598-93-5339,C,Yangon,Member,Female,Electronic_accessories,80.07,1,4.2,84.07,2019-03-20,16:04,Credit_card,79.87,4.7619,4.2,6.2
814-64-6324,A,Yangon,Member,Male,Health_and_beauty,8.1,7,2.98,59.53,2019-03-01,13:12,Ewallet,56.55,4.7619,2.98,9.5
129-79-6082,A,Yangon,Normal,Male,Health_and_beauty,14.09,4,2.96,59.18,2019-01-21,10:10,Cash,56.22,4.7619,2.96,7.3
859-16-2449,C,Naypyitaw,Member,Female,Health_and_beauty,33.61,1,1.76,35.29,2019-03-17,13:42,Cash,33.53,4.7619,1.76,7.8
703-47-1975,A,Naypyitaw,Normal,Male,Health_and_beauty,38.51,4,8.09,161.74,2019-02-20,19:02,Credit_card,153.65,4.7619,8.09,7.9
745-46-9527,C,Yangon,Normal,Female,Home_and_lifestyle,75.66,8,31.78,635.54,2019-02-18,17:43,Credit_card,603.76,4.7619,31.78,5.2
890-95-6576,B,Yangon,Member,Male,Electronic_accessories,36.51,6,11.5,230.01,2019-03-18,10:30,Cash,218.51,4.7619,11.5,5.7
524-57-3880,B,Mandalay,Member,Male,Health_and_beauty,18.01,8,7.56,151.28,2019-03-15,19:05,Ewallet,143.72,4.7619,7.56,8.3
839-54-4097,B,Naypyitaw,Member,Female,Electronic_accessories,5.52,8,2.32,46.37,2019-02-20,22:16,Ewallet,44.05,4.7619,2.32,5.1
552-35-3330,A,Mandalay,Normal,Female,Health_and_beauty,72.36,9,34.19,683.8,2019-01-01,14:18,Credit_card,649.61,4.7619,34.19,6.9
118-17-2159,A,Mandalay,Member,Male,Electronic_accessories,60.27,2,6.33,126.57,2019-03-18,21:31,Credit_card,120.24,4.7619,6.33,10.0
528-21-1733,A,Yangon,Member,Male,Electronic_accessories,26.21,3,4.13,82.56,2019-01-13,22:42,Credit_card,78.43,4.7619,4.13,7.2
786-16-3006,C,Yangon,Member,Male,Health_and_beauty,48.59,1,2.55,51.02,2019-01-07,22:44,Ewallet,48.47,4.7619,2.55,8.8
771-10-4285,B,Mandalay,Member,Male,Home_and_lifestyle,43.52,1,2.29,45.7,2019-01-09,18:17,Cash,43.41,4.7619,2.29,8.2
573-13-2580,C,Yangon,Member,Female,Home_and_lifestyle,30.72,10,16.13,322.56,2019-03-16,21:52,Cash,306.43,4.7619,16.13,9.7
221-34-3654,B,Mandalay,Member,Male,Health_and_beauty,15.54,3,2.45,48.95,2019-01-16,20:39,Credit_card,46.5,4.7619,2.45,6.9
822-30-5596,C,Naypyitaw,Normal,Female,Electronic_accessories,28.95,9,13.68,273.58,2019-02-28,21:48,Ewallet,259.9,4.7619,13.68,7.8
962-17-7447,A,Mandalay,Member,Female,Health_and_beauty,31.6,7,11.61,232.26,2019-02-01,10:58,Credit_card,220.65,4.7619,11.61,5.3
312-89-1556,C,Mandalay,Normal,Female,Home_and_lifestyle,73.5,4,15.44,308.7,2019-01-10,10:32,Credit_card,293.26,4.7619,15.44,5.3
618-48-5857,A,Naypyitaw,Normal,Male,Home_and_lifestyle,31.59,10,16.58,331.69,2019-02-27,13:31,Credit_card,315.11,4.7619,16.58,9.7
976-64-6196,A,Mandalay,Normal,Male,Home_and_lifestyle,79.56,7,29.24,584.77,2019-03-06,22:23,Ewallet,555.53,4.7619,29.24,8.8
169-67-4490,A,Mandalay,Normal,Male,Home_and_lifestyle,24.53,5,6.44,128.78,2019-03-17,16:02,Cash,122.34,4.7619,6.44,6.0
427-67-8239,A,Naypyitaw,Normal,Female,Home_and_lifestyle,60.04,7,22.06,441.29,2019-03-02,15:51,Cash,419.23,4.7619,22.06,8.7
983-89-4809,B,Mandalay,Member,Female,Home_and_lifestyle,39.98,3,6.3,125.94,2019-02-14,10:59,Ewallet,119.64,4.7619,6.3,5.6
271-26-1136,C,Yangon,Normal,Male,Health_and_beauty,77.0,7,28.3,565.95,2019-03-06,14:50,Ewallet,537.65,4.7619,28.3,6.3
320-59-2682,C,Yangon,Member,Female,Electronic_accessories,9.58,1,0.5,10.06,2019-03-18,17:39,Credit_card,9.56,4.7619,0.5,5.9
137-85-9838,B,Yangon,Member,Female,Health_and_beauty,40.54,3,6.39,127.7,2019-02-26,11:34,Ewallet,121.31,4.7619,6.39,5.7
882-70-3294,B,Yangon,Normal,Male,Home_and_lifestyle,97.61,10,51.25,1024.9,2019-03-04,10:43,Cash,973.65,4.7619,51.25,6.1
775-41-2334,A,Mandalay,Member,Male,Electronic_accessories,45.03,5,11.82,236.41,2019-02-23,22:26,Ewallet,224.59,4.7619,11.82,9.7
774-71-7103,C,Naypyitaw,Normal,Female,Electronic_accessories,64.83,3,10.21,204.21,2019-01-30,16:51,Cash,194.0,4.7619,10.21,6.4
660-64-1701,B,Yangon,Member,Female,Health_and_beauty,83.82,5,22.0,440.06,2019-03-08,21:28,Credit_card,418.06,4.7619,22.0,9.8
572-43-9237,A,Yangon,Member,Male,Health_and_beauty,91.28,3,14.38,287.53,2019-03-25,18:08,Credit_card,273.15,4.7619,14.38,7.2
462-10-2034,A,Yangon,Normal,Female,Electronic_accessories,40.33,4,8.47,169.39,2019-02-04,15:19,Ewallet,160.92,4.7619,8.47,7.1
999-84-1694,C,Naypyitaw,Normal,Male,Health_and_beauty,26.65,4,5.6,111.93,2019-03-10,14:20,Credit_card,106.33,4.7619,5.6,6.3
901-54-4386,C,Naypyitaw,Normal,Female,Home_and_lifestyle,69.42,3,10.93,218.67,2019-02-03,11:10,Ewallet,207.74,4.7619,10.93,5.6
604-56-8606,C,Yangon,Member,Male,Home_and_lifestyle,71.31,6,22.46,449.25,2019-03-28,22:38,Ewallet,426.79,4.7619,22.46,8.6
346-55-7879,A,Mandalay,Member,Male,Home_and_lifestyle,42.88,3,6.75,135.07,2019-02-17,17:57,Ewallet,128.32,4.7619,6.75,9.3
736-65-4939,A,Naypyitaw,Normal,Male,Electronic_accessories,59.01,3,9.29,185.88,2019-01-25,16:37,Cash,176.59,4.7619,9.29,8.3
961-75-8127,B,Yangon,Member,Female,Health_and_beauty,59.43,5,15.6,312.01,2019-03-30,11:56,Credit_card,296.41,4.7619,15.6,9.1
324-23-5110,A,Naypyitaw,Member,Male,Electronic_accessories,78.03,3,12.29,245.79,2019-01-24,17:53,Credit_card,233.5,4.7619,12.29,7.8
406-55-8773,A,Naypyitaw,Member,Female,Electronic_accessories,9.52,1,0.5,10.0,2019-03-01,15:55,Cash,9.5,4.7619,0.5,6.8
159-35-3426,C,Mandalay,Member,Female,Health_and_beauty,82.75,9,39.1,781.99,2019-01-06,18:06,Cash,742.89,4.7619,39.1,7.1
229-60-4063,B,Mandalay,Member,Male,Home_and_lifestyle,82.42,10,43.27,865.41,2019-03-25,15:09,Credit_card,822.14,4.7619,43.27,5.5
109-51-5072,A,Mandalay,Member,Male,Health_and_beauty,85.42,1,4.48,89.69,2019-03-17,14:31,Credit_card,85.21,4.7619,4.48,6.3
922-75-2051,C,Yangon,Member,Male,Health_and_beauty,72.89,8,30.61,612.28,2019-02-13,21:01,Credit_card,581.67,4.7619,30.61,8.9
469-16-7817,B,Mandalay,Normal,Male,Home_and_lifestyle,74.83,1,3.93,78.57,2019-03-03,21:02,Cash,74.64,4.7619,3.93,5.8
922-75-3681,B,Naypyitaw,Normal,Female,Home_and_lifestyle,63.82,2,6.7,134.02,2019-01-01,14:34,Cash,127.32,4.7619,6.7,7.4
869-49-9906,A,Mandalay,Member,Female,Home_and_lifestyle,64.79,5,17.01,340.15,2019-02-25,13:51,Cash,323.14,4.7619,17.01,8.2
370-73-9385,A,Mandalay,Member,Female,Electronic_accessories,60.35,1,3.17,63.37,2019-02-14,10:45,Credit_card,60.2,4.7619,3.17,6.2
175-45-8509,A,Mandalay,Normal,Male,Home_and_lifestyle,14.06,3,2.21,44.29,2019-03-17,17:26,Ewallet,42.08,4.7619,2.21,7.3
567-38-1169,A,Mandalay,Member,Female,Electronic_accessories,12.84,3,2.02,40.45,2019-03-22,18:03,Ewallet,38.43,4.7619,2.02,8.5
483-31-6272,C,Mandalay,Normal,Female,Home_and_lifestyle,27.5,2,2.89,57.75,2019-01-29,21:39,Cash,54.86,4.7619,2.89,6.2
794-57-2235,A,Naypyitaw,Member,Female,Home_and_lifestyle,33.5,8,14.07,281.4,2019-03-30,20:56,Ewallet,267.33,4.7619,14.07,7.7
883-56-9526,C,Yangon,Member,Male,Electronic_accessories,79.73,9,37.67,753.45,2019-03-15,11:30,Cash,715.78,4.7619,37.67,6.9
125-38-2842,C,Yangon,Normal,Female,Health_and_beauty,8.25,4,1.73,34.65,2019-03-26,15:54,Ewallet,32.92,4.7619,1.73,9.9
353-94-5923,B,Yangon,Normal,Male,Home_and_lifestyle,31.51,7,11.58,231.6,2019-03-02,21:38,Cash,220.02,4.7619,11.58,5.2
213-34-3543,C,Mandalay,Member,Male,Home_and_lifestyle,54.36,3,8.56,171.23,2019-01-03,17:33,Credit_card,162.67,4.7619,8.56,8.3
425-78-3962,B,Naypyitaw,Member,Male,Home_and_lifestyle,56.11,5,14.73,294.58,2019-03-27,18:52,Credit_card,279.85,4.7619,14.73,6.7
731-32-5325,B,Mandalay,Member,Male,Health_and_beauty,85.33,3,13.44,268.79,2019-02-09,15:25,Credit_card,255.35,4.7619,13.44,6.9
389-37-8309,B,Naypyitaw,Member,Male,Health_and_beauty,97.74,5,25.66,513.13,2019-01-03,19:25,Credit_card,487.47,4.7619,25.66,8.4
494-21-6754,B,Mandalay,Normal,Female,Home_and_lifestyle,97.58,4,20.49,409.84,2019-02-25,12:48,Cash,389.35,4.7619,20.49,7.0
639-49-8066,B,Yangon,Normal,Male,Home_and_lifestyle,60.66,9,28.66,573.24,2019-02-19,22:14,Ewallet,544.58,4.7619,28.66,7.5
987-92-2020,B,Mandalay,Normal,Male,Health_and_beauty,50.85,2,5.34,106.79,2019-01-31,20:05,Cash,101.45,4.7619,5.34,6.8
264-20-9600,B,Yangon,Member,Male,Home_and_lifestyle,61.76,6,19.45,389.09,2019-01-06,10:09,Cash,369.64,4.7619,19.45,5.5
939-97-6401,A,Naypyitaw,Normal,Female,Health_and_beauty,5.92,8,2.49,49.73,2019-03-10,20:23,Ewallet,47.24,4.7619,2.49,6.0
788-34-1138,C,Yangon,Member,Male,Home_and_lifestyle,9.26,9,4.38,87.51,2019-01-19,12:07,Credit_card,83.13,4.7619,4.38,5.3
851-15-4088,B,Mandalay,Member,Female,Electronic_accessories,48.05,7,17.66,353.17,2019-03-13,10:20,Credit_card,335.51,4.7619,17.66,8.0
588-52-4424,C,Mandalay,Member,Female,Electronic_accessories,85.68,3,13.49,269.89,2019-03-02,15:17,Credit_card,256.4,4.7619,13.49,6.6
194-71-3116,B,Mandalay,Member,Female,Health_and_beauty,6.01,2,0.63,12.62,2019-02-20,18:29,Credit_card,11.99,4.7619,0.63,6.1
652-37-2036,B,Mandalay,Normal,Male,Home_and_lifestyle,67.24,8,28.24,564.82,2019-02-04,17:57,Credit_card,536.58,4.7619,28.24,6.6
643-35-3104,B,Naypyitaw,Normal,Male,Electronic_accessories,30.6,9,14.46,289.17,2019-02-02,10:13,Cash,274.71,4.7619,14.46,8.7
506-24-3956,B,Naypyitaw,Normal,Female,Home_and_lifestyle,79.51,9,37.57,751.37,2019-02-19,14:21,Cash,713.8,4.7619,37.57,9.5
668-37-2638,B,Yangon,Normal,Female,Health_and_beauty,30.24,5,7.94,158.76,2019-01-13,19:19,Ewallet,150.82,4.7619,7.94,5.6
579-87-5780,A,Naypyitaw,Normal,Female,Electronic_accessories,17.56,7,6.45,129.07,2019-01-03,13:05,Cash,122.62,4.7619,6.45,5.2
852-19-8341,A,Yangon,Normal,Male,Health_and_beauty,71.53,7,26.29,525.75,2019-01-22,20:26,Cash,499.46,4.7619,26.29,5.9
267-17-3030,B,Naypyitaw,Normal,Male,Home_and_lifestyle,41.14,6,12.96,259.18,2019-02-12,11:49,Cash,246.22,4.7619,12.96,7.3
311-76-3491,C,Mandalay,Member,Male,Health_and_beauty,49.55,3,7.8,156.08,2019-03-07,11:06,Credit_card,148.28,4.7619,7.8,5.6
668-42-3415,B,Yangon,Member,Female,Electronic_accessories,31.96,9,15.1,302.02,2019-01-10,16:51,Cash,286.92,4.7619,15.1,9.9
152-53-2961,C,Yangon,Member,Male,Electronic_accessories,33.02,6,10.4,208.03,2019-02-26,17:22,Ewallet,197.63,4.7619,10.4,6.8
548-59-9025,C,Yangon,Normal,Female,Electronic_accessories,36.23,6,11.41,228.25,2019-03-19,13:53,Credit_card,216.84,4.7619,11.41,6.0
990-48-4070,A,Yangon,Normal,Female,Health_and_beauty,40.18,1,2.11,42.19,2019-02-11,18:29,Cash,40.08,4.7619,2.11,6.3
684-49-2535,C,Naypyitaw,Normal,Male,Health_and_beauty,71.43,8,30.0,600.01,2019-02-09,21:13,Cash,570.01,4.7619,30.0,5.4
321-44-4499,B,Naypyitaw,Normal,Female,Health_and_beauty,88.9,5,23.34,466.73,2019-03-21,11:56,Cash,443.39,4.7619,23.34,5.0
777-27-9150,B,Yangon,Normal,Male,Home_and_lifestyle,71.34,7,26.22,524.35,2019-03-05,12:24,Cash,498.13,4.7619,26.22,8.3
858-81-7598,A,Yangon,Normal,Male,Electronic_accessories,84.8,3,13.36,267.12,2019-02-14,20:21,Ewallet,253.76,4.7619,13.36,6.3
694-32-8359,C,Mandalay,Normal,Female,Home_and_lifestyle,67.32,5,17.67,353.43,2019-03-21,15:01,Cash,335.76,4.7619,17.67,7.1
105-53-7009,B,Naypyitaw,Normal,Male,Electronic_accessories,30.54,9,14.43,288.6,2019-03-21,15:26,Credit_card,274.17,4.7619,14.43,8.1
955-37-4538,A,Naypyitaw,Member,Male,Electronic_accessories,89.14,4,18.72,374.39,2019-02-13,11:35,Cash,355.67,4.7619,18.72,6.8
516-65-6867,C,Yangon,Normal,Female,Home_and_lifestyle,85.98,8,36.11,722.23,2019-03-11,22:58,Ewallet,686.12,4.7619,36.11,7.6
481-24-6525,C,Yangon,Member,Male,Electronic_accessories,5.58,10,2.93,58.59,2019-02-06,11:19,Credit_card,55.66,4.7619,2.93,8.7
430-86-3607,B,Yangon,Member,Female,Health_and_beauty,97.05,4,20.38,407.61,2019-02-06,11:45,Ewallet,387.23,4.7619,20.38,6.2
125-42-2054,B,Yangon,Normal,Female,Home_and_lifestyle,56.64,2,5.95,118.94,2019-03-22,14:42,Cash,112.99,4.7619,5.95,9.7
449-45-4879,B,Yangon,Normal,Female,Health_and_beauty,55.59,8,23.35,466.96,2019-03-22,11:35,Cash,443.61,4.7619,23.35,8.6
960-14-5403,B,Yangon,Member,Female,Home_and_lifestyle,81.03,4,17.02,340.33,2019-03-17,19:55,Cash,323.31,4.7619,17.02,8.1
835-91-5238,A,Naypyitaw,Normal,Female,Health_and_beauty,93.99,8,39.48,789.52,2019-03-05,19:16,Ewallet,750.04,4.7619,39.48,6.7
376-18-8061,B,Mandalay,Normal,Female,Electronic_accessories,8.76,9,4.14,82.78,2019-03-14,20:02,Ewallet,78.64,4.7619,4.14,6.7
517-45-3375,C,Yangon,Normal,Female,Electronic_accessories,64.5,10,33.86,677.25,2019-02-18,21:59,Credit_card,643.39,4.7619,33.86,8.9
686-10-5220,B,Mandalay,Member,Male,Electronic_accessories,21.19,2,2.23,44.5,2019-01-06,16:14,Credit_card,42.27,4.7619,2.23,8.5
612-86-3936,A,Naypyitaw,Member,Male,Health_and_beauty,76.84,1,4.03,80.68,2019-02-20,17:28,Cash,76.65,4.7619,4.03,8.9
268-27-5838,A,Yangon,Normal,Male,Home_and_lifestyle,38.32,8,16.09,321.89,2019-01-04,15:52,Credit_card,305.8,4.7619,16.09,5.0
719-55-5636,B,Mandalay,Member,Male,Health_and_beauty,75.32,2,7.91,158.17,2019-02-11,15:40,Ewallet,150.26,4.7619,7.91,9.3
948-27-8231,C,Naypyitaw,Normal,Female,Home_and_lifestyle,57.34,5,15.05,301.04,2019-02-01,21:19,Cash,285.99,4.7619,15.05,7.2
862-49-9030,B,Naypyitaw,Normal,Female,Home_and_lifestyle,91.09,6,28.69,573.87,2019-02-25,20:40,Ewallet,545.18,4.7619,28.69,6.9
377-43-8755,C,Mandalay,Normal,Male,Home_and_lifestyle,48.07,2,5.05,100.95,2019-03-27,14:37,Ewallet,95.9,4.7619,5.05,7.3
524-62-9504,C,Yangon,Member,Male,Electronic_accessories,36.37,3,5.73,114.57,2019-03-16,15:33,Cash,108.84,4.7619,5.73,7.6
837-86-5516,A,Naypyitaw,Normal,Female,Home_and_lifestyle,79.18,10,41.57,831.39,2019-02-17,21:59,Cash,789.82,4.7619,41.57,7.6
642-31-1197,A,Mandalay,Member,Female,Health_and_beauty,23.61,7,8.68,173.53,2019-01-12,17:56,Credit_card,164.85,4.7619,8.68,7.1
277-64-1521,B,Naypyitaw,Normal,Female,Home_and_lifestyle,11.32,1,0.59,11.89,2019-02-11,14:18,Cash,11.3,4.7619,0.59,5.1
889-71-2511,A,Naypyitaw,Member,Male,Electronic_accessories,96.37,4,20.24,404.75,2019-01-27,20:13,Credit_card,384.51,4.7619,20.24,9.0
455-69-9513,A,Mandalay,Member,Male,Home_and_lifestyle,43.92,9,20.75,415.04,2019-03-20,15:05,Credit_card,394.29,4.7619,20.75,6.0
445-63-7003,A,Mandalay,Member,Male,Home_and_lifestyle,43.29,6,13.64,272.73,2019-02-13,19:32,Credit_card,259.09,4.7619,13.64,8.8
288-59-7858,A,Naypyitaw,Normal,Male,Home_and_lifestyle,54.92,1,2.88,57.67,2019-01-17,21:55,Credit_card,54.79,4.7619,2.88,8.8
603-56-5841,C,Naypyitaw,Member,Female,Electronic_accessories,72.78,9,34.39,687.77,2019-03-01,11:20,Credit_card,653.38,4.7619,34.39,8.1
771-63-3722,C,Yangon,Normal,Female,Home_and_lifestyle,73.63,6,23.19,463.87,2019-01-10,22:12,Cash,440.68,4.7619,23.19,7.8
394-76-2386,A,Mandalay,Member,Female,Home_and_lifestyle,72.54,6,22.85,457.0,2019-01-01,13:45,Ewallet,434.15,4.7619,22.85,5.9
159-87-9074,C,Yangon,Normal,Male,Home_and_lifestyle,64.83,3,10.21,204.21,2019-02-05,17:17,Credit_card,194.0,4.7619,10.21,9.8
555-14-2038,A,Mandalay,Member,Female,Home_and_lifestyle,43.53,1,2.29,45.71,2019-02-01,13:00,Credit_card,43.42,4.7619,2.29,9.0
318-52-9257,C,Naypyitaw,Member,Female,Electronic_accessories,5.95,9,2.81,56.23,2019-03-03,22:23,Cash,53.42,4.7619,2.81,6.3
513-87-2274,B,Yangon,Member,Male,Home_and_lifestyle,16.65,7,6.12,122.38,2019-02-21,13:42,Ewallet,116.26,4.7619,6.12,6.5
219-38-6536,B,Mandalay,Member,Male,Electronic_accessories,87.98,5,23.09,461.9,2019-01-14,18:29,Cash,438.81,4.7619,23.09,6.8
484-49-3011,B,Mandalay,Member,Female,Home_and_lifestyle,11.73,3,1.85,36.95,2019-02-10,19:08,Ewallet,35.1,4.7619,1.85,6.3
485-29-8088,B,Mandalay,Normal,Female,Health_and_beauty,58.21,2,6.11,122.24,2019-02-14,11:34,Ewallet,116.13,4.7619,6.11,6.7
245-62-8352,B,Naypyitaw,Member,Male,Health_and_beauty,53.96,10,28.33,566.58,2019-03-07,19:18,Cash,538.25,4.7619,28.33,9.8
711-13-6410,B,Yangon,Normal,Female,Electronic_accessories,87.49,9,41.34,826.78,2019-03-15,18:41,Cash,785.44,4.7619,41.34,9.5
394-63-2536,A,Naypyitaw,Member,Male,Electronic_accessories,77.02,5,20.22,404.35,2019-03-27,14:32,Ewallet,384.13,4.7619,20.22,7.8
429-24-2301,B,Naypyitaw,Normal,Female,Home_and_lifestyle,47.13,5,12.37,247.43,2019-01-21,12:58,Cash,235.06,4.7619,12.37,7.2
676-11-5985,C,Yangon,Member,Male,Electronic_accessories,80.54,1,4.23,84.57,2019-01-20,13:21,Credit_card,80.34,4.7619,4.23,7.6
964-18-1019,C,Naypyitaw,Normal,Female,Electronic_accessories,21.8,2,2.29,45.78,2019-02-07,20:26,Ewallet,43.49,4.7619,2.29,5.8
211-77-5555,C,Mandalay,Normal,Female,Home_and_lifestyle,22.31,4,4.69,93.7,2019-02-15,16:26,Ewallet,89.01,4.7619,4.69,5.9
287-69-7017,C,Yangon,Member,Male,Health_and_beauty,9.25,7,3.4,67.99,2019-03-03,22:41,Ewallet,64.59,4.7619,3.4,7.4
166-59-4799,C,Mandalay,Normal,Male,Electronic_accessories,48.92,6,15.41,308.2,2019-03-13,11:39,Ewallet,292.79,4.7619,15.41,5.5
862-61-7153,A,Naypyitaw,Member,Female,Health_and_beauty,16.08,7,5.91,118.19,2019-01-12,12:54,Credit_card,112.28,4.7619,5.91,8.5
826-30-1754,B,Mandalay,Member,Female,Health_and_beauty,64.15,5,16.84,336.79,2019-03-13,19:18,Cash,319.95,4.7619,16.84,5.1
848-57-1390,C,Mandalay,Normal,Male,Electronic_accessories,50.18,6,15.81,316.13,2019-01-26,17:54,Cash,300.32,4.7619,15.81,7.3
338-11-2474,C,Mandalay,Member,Female,Electronic_accessories,99.2,9,46.87,937.44,2019-02-10,18:47,Credit_card,890.57,4.7619,46.87,9.4
302-78-2443,C,Yangon,Member,Male,Health_and_beauty,14.91,10,7.83,156.56,2019-03-05,18:47,Credit_card,148.73,4.7619,7.83,7.9
135-55-7481,A,Yangon,Normal,Male,Electronic_accessories,26.46,2,2.78,55.57,2019-01-24,21:33,Ewallet,52.79,4.7619,2.78,5.2
782-28-3043,A,Mandalay,Member,Female,Electronic_accessories,25.36,7,9.32,186.4,2019-01-03,14:44,Ewallet,177.08,4.7619,9.32,9.8
849-53-3900,A,Mandalay,Member,Male,Electronic_accessories,30.55,3,4.81,96.23,2019-02-06,20:56,Cash,91.42,4.7619,4.81,8.5
184-10-5132,A,Mandalay,Normal,Male,Health_and_beauty,43.85,1,2.3,46.04,2019-01-11,12:56,Credit_card,43.74,4.7619,2.3,5.4
270-10-4926,C,Naypyitaw,Member,Female,Electronic_accessories,64.55,10,33.89,677.77,2019-02-07,20:08,Cash,643.88,4.7619,33.89,6.6
720-62-5247,C,Yangon,Normal,Male,Electronic_accessories,71.61,1,3.76,75.19,2019-01-02,14:57,Credit_card,71.43,4.7619,3.76,8.5
871-49-5691,A,Naypyitaw,Member,Female,Electronic_accessories,96.67,10,50.75,1015.04,2019-03-10,18:50,Ewallet,964.29,4.7619,50.75,7.1
942-61-6275,A,Yangon,Member,Female,Home_and_lifestyle,57.52,10,30.2,603.96,2019-03-02,20:07,Credit_card,573.76,4.7619,30.2,5.7
549-34-5456,C,Yangon,Normal,Male,Health_and_beauty,39.05,1,2.05,41.0,2019-03-07,20:23,Cash,38.95,4.7619,2.05,8.3
362-94-6169,B,Mandalay,Normal,Female,Home_and_lifestyle,11.19,5,2.94,58.75,2019-01-29,10:51,Credit_card,55.81,4.7619,2.94,5.8
284-53-1373,B,Naypyitaw,Member,Male,Health_and_beauty,27.81,2,2.92,58.4,2019-02-24,14:34,Cash,55.48,4.7619,2.92,7.7
933-22-2989,A,Naypyitaw,Member,Male,Electronic_accessories,60.53,3,9.53,190.67,2019-01-31,20:40,Ewallet,181.14,4.7619,9.53,5.7
652-88-6741,A,Naypyitaw,Member,Male,Health_and_beauty,43.67,3,6.88,137.56,2019-02-16,14:28,Cash,130.68,4.7619,6.88,9.0
812-98-6835,B,Naypyitaw,Member,Male,Health_and_beauty,30.83,2,3.24,64.74,2019-04-01,10:28,Credit_card,61.5,4.7619,3.24,6.7
110-34-7076,C,Yangon,Normal,Male,Home_and_lifestyle,78.83,1,4.14,82.77,2019-01-22,12:26,Cash,78.63,4.7619,4.14,6.0
514-51-3118,C,Mandalay,Member,Male,Electronic_accessories,39.57,5,10.39,207.74,2019-03-26,21:14,Cash,197.35,4.7619,10.39,5.5
496-11-8796,B,Naypyitaw,Normal,Female,Health_and_beauty,8.1,7,2.98,59.53,2019-03-06,18:04,Cash,56.55,4.7619,2.98,6.5
371-76-8143,C,Naypyitaw,Member,Male,Health_and_beauty,35.89,2,3.77,75.37,2019-02-02,19:18,Ewallet,71.6,4.7619,3.77,6.3
944-77-9612,C,Mandalay,Normal,Male,Home_and_lifestyle,79.04,6,24.9,497.95,2019-01-22,22:43,Ewallet,473.05,4.7619,24.9,7.2
611-12-6643,B,Naypyitaw,Member,Male,Electronic_accessories,87.3,10,45.83,916.65,2019-02-06,19:21,Credit_card,870.82,4.7619,45.83,5.3
510-57-7721,A,Yangon,Normal,Female,Home_and_lifestyle,57.5,4,12.08,241.5,2019-03-10,10:27,Credit_card,229.42,4.7619,12.08,8.9
560-87-2278,C,Naypyitaw,Normal,Female,Home_and_lifestyle,92.64,8,38.91,778.18,2019-02-27,16:38,Credit_card,739.27,4.7619,38.91,7.6
871-32-4042,A,Yangon,Member,Female,Health_and_beauty,12.66,4,2.66,53.17,2019-02-13,12:52,Cash,50.51,4.7619,2.66,9.8
365-93-6587,C,Naypyitaw,Normal,Female,Electronic_accessories,77.43,1,4.07,81.3,2019-02-13,15:55,Ewallet,77.23,4.7619,4.07,8.5
695-59-6204,C,Naypyitaw,Member,Female,Health_and_beauty,81.49,9,38.5,770.08,2019-01-28,13:06,Credit_card,731.58,4.7619,38.5,7.2
754-12-1372,B,Naypyitaw,Member,Female,Health_and_beauty,47.36,2,4.97,99.46,2019-02-16,10:03,Credit_card,94.49,4.7619,4.97,5.6
897-33-8132,A,Mandalay,Normal,Male,Electronic_accessories,88.9,4,18.67,373.38,2019-03-17,13:42,Ewallet,354.71,4.7619,18.67,6.4
265-58-4811,C,Mandalay,Member,Female,Electronic_accessories,84.49,1,4.44,88.71,2019-02-10,14:16,Cash,84.27,4.7619,4.44,7.8
750-12-6629,C,Mandalay,Normal,Female,Home_and_lifestyle,14.21,1,0.75,14.92,2019-02-04,14:25,Credit_card,14.17,4.7619,0.75,7.8
964-85-4170,C,Naypyitaw,Normal,Female,Electronic_accessories,80.18,5,21.05,420.95,2019-03-15,19:50,Cash,399.9,4.7619,21.05,6.5
571-45-9166,C,Mandalay,Member,Female,Health_and_beauty,58.97,7,21.67,433.43,2019-02-21,10:05,Cash,411.76,4.7619,21.67,6.3
126-38-4741,C,Yangon,Normal,Male,Electronic_accessories,64.19,2,6.74,134.8,2019-02-16,16:33,Ewallet,128.06,4.7619,6.74,8.4
672-98-2819,C,Mandalay,Member,Female,Home_and_lifestyle,99.15,9,46.85,936.97,2019-03-08,11:23,Cash,890.12,4.7619,46.85,8.8
616-43-2531,A,Mandalay,Member,Female,Health_and_beauty,88.02,2,9.24,184.84,2019-02-18,16:22,Cash,175.6,4.7619,9.24,9.5
859-53-4192,A,Mandalay,Normal,Male,Electronic_accessories,90.56,6,28.53,570.53,2019-01-24,11:12,Ewallet,542.0,4.7619,28.53,7.9
191-86-5214,C,Naypyitaw,Member,Male,Electronic_accessories,75.02,1,3.94,78.77,2019-01-09,20:42,Credit_card,74.83,4.7619,3.94,5.6
705-17-4331,C,Naypyitaw,Member,Male,Electronic_accessories,65.61,9,31.0,620.01,2019-01-07,11:28,Credit_card,589.01,4.7619,31.0,8.6
571-92-8959,B,Yangon,Member,Male,Home_and_lifestyle,39.68,10,20.83,416.64,2019-03-29,22:03,Ewallet,395.81,4.7619,20.83,10.0
510-21-7530,B,Yangon,Normal,Male,Health_and_beauty,54.46,7,20.01,400.28,2019-03-10,14:18,Credit_card,380.27,4.7619,20.01,5.3
326-88-7736,A,Naypyitaw,Member,Female,Home_and_lifestyle,38.2,3,6.02,120.33,2019-03-05,17:56,Credit_card,114.31,4.7619,6.02,7.6
511-74-3703,B,Naypyitaw,Normal,Female,Electronic_accessories,43.24,7,15.89,317.81,2019-01-27,14:49,Cash,301.92,4.7619,15.89,5.9
167-38-7231,C,Yangon,Member,Male,Home_and_lifestyle,5.13,10,2.69,53.87,2019-03-03,10:29,Credit_card,51.18,4.7619,2.69,8.0
552-70-3304,C,Naypyitaw,Normal,Male,Home_and_lifestyle,37.27,3,5.87,117.4,2019-02-17,17:58,Credit_card,111.53,4.7619,5.87,9.1
220-32-1927,C,Mandalay,Normal,Female,Health_and_beauty,56.06,10,29.43,588.63,2019-03-16,14:24,Credit_card,559.2,4.7619,29.43,5.6
448-43-4687,C,Yangon,Normal,Male,Electronic_accessories,29.62,4,6.22,124.4,2019-01-05,16:22,Credit_card,118.18,4.7619,6.22,7.4
740-15-2341,B,Mandalay,Normal,Female,Home_and_lifestyle,21.81,2,2.29,45.8,2019-02-21,18:28,Ewallet,43.51,4.7619,2.29,6.8
420-74-1096,A,Naypyitaw,Normal,Male,Electronic_accessories,13.88,10,7.29,145.74,2019-03-13,16:09,Credit_card,138.45,4.7619,7.29,6.5
270-18-1717,B,Mandalay,Normal,Female,Home_and_lifestyle,81.96,7,30.12,602.41,2019-03-13,22:25,Cash,572.29,4.7619,30.12,7.1
841-92-5599,C,Yangon,Normal,Female,Home_and_lifestyle,83.68,2,8.79,175.73,2019-02-02,17:15,Cash,166.94,4.7619,8.79,5.0
979-57-2379,B,Mandalay,Member,Female,Health_and_beauty,23.65,9,11.17,223.49,2019-03-07,11:13,Ewallet,212.32,4.7619,11.17,8.8
467-79-5404,C,Yangon,Normal,Female,Electronic_accessories,48.21,2,5.06,101.24,2019-01-05,13:00,Credit_card,96.18,4.7619,5.06,5.3
112-82-4320,B,Mandalay,Normal,Female,Electronic_accessories,57.85,8,24.3,485.94,2019-02-25,19:44,Ewallet,461.64,4.7619,24.3,6.9
719-58-4015,A,Mandalay,Member,Female,Health_and_beauty,82.79,7,30.43,608.51,2019-02-17,18:07,Cash,578.08,4.7619,30.43,8.0
915-58-2610,B,Yangon,Member,Female,Health_and_beauty,23.97,6,7.55,151.01,2019-03-02,17:42,Ewallet,143.46,4.7619,7.55,7.4
219-80-1376,C,Naypyitaw,Member,Female,Home_and_lifestyle,84.01,2,8.82,176.42,2019-01-22,20:31,Credit_card,167.6,4.7619,8.82,7.0
451-96-5785,B,Naypyitaw,Normal,Male,Health_and_beauty,38.67,1,2.03,40.6,2019-02-18,21:12,Credit_card,38.57,4.7619,2.03,8.1
768-51-4065,C,Naypyitaw,Member,Female,Home_and_lifestyle,66.86,5,17.55,351.02,2019-03-27,22:00,Cash,333.47,4.7619,17.55,5.9
759-79-1005,C,Mandalay,Member,Male,Home_and_lifestyle,36.51,4,7.67,153.34,2019-01-28,21:00,Cash,145.67,4.7619,7.67,7.5
623-63-8188,B,Mandalay,Normal,Female,Home_and_lifestyle,75.64,8,31.77,635.38,2019-01-09,12:59,Cash,603.61,4.7619,31.77,9.2
221-92-3588,C,Yangon,Member,Male,Electronic_accessories,92.13,7,33.86,677.16,2019-03-22,21:21,Cash,643.3,4.7619,33.86,7.0
251-51-5774,C,Mandalay,Normal,Male,Health_and_beauty,98.36,4,20.66,413.11,2019-04-01,20:30,Credit_card,392.45,4.7619,20.66,6.7
181-55-5876,A,Naypyitaw,Member,Female,Electronic_accessories,47.8,4,10.04,200.76,2019-03-08,11:48,Ewallet,190.72,4.7619,10.04,10.0
442-15-7204,B,Mandalay,Normal,Female,Health_and_beauty,37.83,6,11.92,238.33,2019-02-17,21:47,Cash,226.41,4.7619,11.92,8.4
394-59-2777,A,Naypyitaw,Member,Male,Electronic_accessories,61.67,6,19.43,388.52,2019-01-30,11:39,Credit_card,369.09,4.7619,19.43,5.8
911-85-1504,B,Naypyitaw,Normal,Female,Health_and_beauty,38.72,1,2.03,40.66,2019-02-21,22:11,Cash,38.63,4.7619,2.03,8.4
943-68-9293,A,Naypyitaw,Member,Male,Health_and_beauty,85.56,10,44.92,898.38,2019-02-21,21:17,Cash,853.46,4.7619,44.92,5.6
541-25-3586,B,Yangon,Normal,Female,Electronic_accessories,84.56,6,26.64,532.73,2019-01-04,10:53,Ewallet,506.09,4.7619,26.64,5.6
397-75-1784,B,Mandalay,Member,Female,Electronic_accessories,68.52,2,7.19,143.89,2019-01-06,10:31,Cash,136.7,4.7619,7.19,7.5
385-51-8560,C,Naypyitaw,Normal,Female,Home_and_lifestyle,6.8,3,1.07,21.42,2019-02-12,20:24,Cash,20.35,4.7619,1.07,7.3
527-63-3741,B,Yangon,Member,Female,Electronic_accessories,8.03,10,4.22,84.31,2019-01-15,20:34,Credit_card,80.09,4.7619,4.22,5.6
570-68-9016,B,Yangon,Member,Female,Electronic_accessories,89.82,8,37.72,754.49,2019-02-11,16:22,Credit_card,716.77,4.7619,37.72,5.1
175-31-7201,B,Yangon,Normal,Female,Home_and_lifestyle,87.19,5,22.89,457.75,2019-03-15,21:15,Cash,434.86,4.7619,22.89,7.6
819-96-4000,B,Yangon,Normal,Female,Health_and_beauty,5.35,1,0.28,5.62,2019-01-19,22:27,Cash,5.34,4.7619,0.28,6.4
611-70-8699,A,Yangon,Normal,Female,Home_and_lifestyle,21.39,5,5.62,112.3,2019-03-05,12:15,Cash,106.68,4.7619,5.62,9.8
868-26-8249,C,Yangon,Normal,Female,Health_and_beauty,74.78,1,3.93,78.52,2019-03-23,13:04,Cash,74.59,4.7619,3.93,6.4
229-25-9750,B,Naypyitaw,Member,Female,Home_and_lifestyle,61.45,8,25.81,516.18,2019-01-12,20:09,Credit_card,490.37,4.7619,25.81,6.1
767-46-3961,B,Yangon,Normal,Female,Electronic_accessories,59.13,6,18.63,372.52,2019-02-27,19:47,Cash,353.89,4.7619,18.63,5.7
969-83-7743,B,Yangon,Member,Female,Electronic_accessories,24.18,1,1.27,25.39,2019-02-05,19:01,Ewallet,24.12,4.7619,1.27,6.2
850-58-3182,B,Yangon,Normal,Female,Home_and_lifestyle,32.18,1,1.69,33.79,2019-01-04,17:14,Credit_card,32.1,4.7619,1.69,7.3
743-20-8430,A,Mandalay,Member,Male,Electronic_accessories,55.55,6,17.5,349.96,2019-02-19,12:38,Cash,332.46,4.7619,17.5,7.7
341-87-8223,A,Mandalay,Member,Male,Electronic_accessories,53.46,2,5.61,112.27,2019-03-21,13:08,Cash,106.66,4.7619,5.61,9.5
210-12-5082,B,Yangon,Member,Male,Health_and_beauty,36.18,9,17.09,341.9,2019-01-18,10:18,Ewallet,324.81,4.7619,17.09,9.6
105-88-5268,C,Yangon,Normal,Male,Home_and_lifestyle,74.52,3,11.74,234.74,2019-02-16,17:17,Cash,223.0,4.7619,11.74,6.4
192-97-8080,B,Yangon,Member,Female,Electronic_accessories,41.97,2,4.41,88.14,2019-03-27,21:38,Cash,83.73,4.7619,4.41,6.0
495-56-9189,A,Yangon,Member,Male,Home_and_lifestyle,24.14,9,11.41,228.12,2019-03-30,11:01,Cash,216.71,4.7619,11.41,8.2
567-81-5536,A,Yangon,Normal,Male,Health_and_beauty,92.47,1,4.85,97.09,2019-02-27,18:59,Credit_card,92.24,4.7619,4.85,6.9
547-12-2209,C,Naypyitaw,Normal,Female,Home_and_lifestyle,94.08,5,24.7,493.92,2019-03-30,10:32,Credit_card,469.22,4.7619,24.7,9.9
271-19-1705,C,Yangon,Member,Male,Health_and_beauty,45.74,3,7.2,144.08,2019-01-23,15:31,Ewallet,136.88,4.7619,7.2,9.5
757-31-3323,A,Yangon,Member,Female,Home_and_lifestyle,78.99,7,29.03,580.58,2019-01-02,17:22,Cash,551.55,4.7619,29.03,9.7
336-36-7599,B,Naypyitaw,Normal,Female,Home_and_lifestyle,68.33,5,17.94,358.73,2019-01-13,12:32,Credit_card,340.79,4.7619,17.94,7.2
558-92-4173,C,Yangon,Normal,Male,Electronic_accessories,77.55,10,40.71,814.28,2019-02-17,16:49,Ewallet,773.57,4.7619,40.71,5.7
230-19-7128,C,Yangon,Member,Male,Electronic_accessories,68.7,9,32.46,649.22,2019-02-18,13:15,Credit_card,616.76,4.7619,32.46,7.9
159-14-3323,B,Naypyitaw,Normal,Female,Home_and_lifestyle,33.17,5,8.71,174.14,2019-02-26,18:50,Cash,165.43,4.7619,8.71,8.9
344-55-4406,B,Naypyitaw,Normal,Female,Home_and_lifestyle,48.55,2,5.1,101.95,2019-01-16,11:47,Credit_card,96.85,4.7619,5.1,9.3
778-58-9206,B,Naypyitaw,Normal,Female,Home_and_lifestyle,49.8,2,5.23,104.58,2019-03-16,15:47,Credit_card,99.35,4.7619,5.23,8.6
439-89-8700,A,Mandalay,Normal,Male,Electronic_accessories,72.43,6,22.82,456.31,2019-01-21,15:10,Credit_card,433.49,4.7619,22.82,5.5
527-35-7771,B,Naypyitaw,Member,Male,Electronic_accessories,61.22,8,25.71,514.25,2019-03-02,12:20,Credit_card,488.54,4.7619,25.71,9.9
885-85-9781,A,Mandalay,Member,Male,Home_and_lifestyle,65.19,2,6.85,136.9,2019-02-28,13:27,Cash,130.05,4.7619,6.85,6.1
628-16-6468,C,Yangon,Member,Female,Health_and_beauty,22.1,6,6.96,139.23,2019-01-01,13:08,Ewallet,132.27,4.7619,6.96,5.3
616-25-8359,C,Naypyitaw,Normal,Female,Electronic_accessories,74.88,2,7.86,157.25,2019-02-19,14:25,Cash,149.39,4.7619,7.86,5.2
561-95-7459,C,Yangon,Member,Female,Electronic_accessories,43.37,8,18.22,364.31,2019-01-06,16:04,Cash,346.09,4.7619,18.22,6.5
639-20-1935,C,Naypyitaw,Member,Male,Electronic_accessories,19.57,4,4.11,82.19,2019-02-07,20:36,Credit_card,78.08,4.7619,4.11,9.6
108-89-4835,C,Mandalay,Normal,Male,Home_and_lifestyle,45.06,3,7.1,141.94,2019-02-19,11:42,Credit_card,134.84,4.7619,7.1,5.0
481-35-4156,B,Yangon,Member,Female,Electronic_accessories,94.25,6,29.69,593.77,2019-02-25,17:49,Cash,564.08,4.7619,29.69,7.5
530-44-7352,A,Yangon,Member,Female,Health_and_beauty,53.08,6,16.72,334.4,2019-01-16,14:35,Credit_card,317.68,4.7619,16.72,7.6
743-25-3672,C,Mandalay,Normal,Male,Home_and_lifestyle,78.82,7,28.97,579.33,2019-02-12,22:21,Cash,550.36,4.7619,28.97,6.8
675-32-7790,B,Yangon,Normal,Female,Electronic_accessories,42.87,3,6.75,135.04,2019-01-01,19:37,Credit_card,128.29,4.7619,6.75,9.4
502-94-7844,C,Mandalay,Normal,Female,Electronic_accessories,21.96,3,3.46,69.17,2019-02-25,16:13,Cash,65.71,4.7619,3.46,9.9
399-69-1030,C,Mandalay,Normal,Female,Electronic_accessories,93.19,5,24.46,489.25,2019-01-18,14:08,Cash,464.79,4.7619,24.46,6.3
111-62-3759,C,Mandalay,Member,Female,Health_and_beauty,95.35,8,40.05,800.94,2019-03-31,20:30,Credit_card,760.89,4.7619,40.05,8.0
209-10-9693,A,Yangon,Normal,Female,Home_and_lifestyle,95.56,4,20.07,401.35,2019-02-02,13:57,Credit_card,381.28,4.7619,20.07,5.4
300-18-1368,A,Naypyitaw,Normal,Female,Health_and_beauty,67.78,8,28.47,569.35,2019-03-07,17:01,Credit_card,540.88,4.7619,28.47,6.8
519-85-2046,B,Mandalay,Member,Female,Health_and_beauty,22.85,6,7.2,143.96,2019-03-14,22:41,Credit_card,136.76,4.7619,7.2,9.7
939-13-2873,A,Naypyitaw,Normal,Male,Electronic_accessories,77.45,10,40.66,813.23,2019-03-16,10:31,Ewallet,772.57,4.7619,40.66,6.6
201-24-5052,B,Yangon,Normal,Female,Electronic_accessories,20.09,2,2.11,42.19,2019-01-28,16:57,Ewallet,40.08,4.7619,2.11,7.0
561-49-6198,C,Yangon,Member,Male,Home_and_lifestyle,5.33,9,2.52,50.37,2019-01-22,13:22,Credit_card,47.85,4.7619,2.52,7.0
522-97-2340,B,Yangon,Member,Female,Health_and_beauty,94.5,10,49.61,992.25,2019-01-27,15:23,Credit_card,942.64,4.7619,49.61,5.9
464-27-7652,A,Naypyitaw,Member,Male,Electronic_accessories,42.98,10,22.56,451.29,2019-02-13,13:49,Ewallet,428.73,4.7619,22.56,9.5
503-75-9240,C,Mandalay,Member,Male,Home_and_lifestyle,24.82,7,9.12,182.43,2019-03-11,21:37,Credit_card,173.31,4.7619,9.12,9.6
739-90-7919,B,Naypyitaw,Normal,Male,Home_and_lifestyle,69.53,4,14.6,292.03,2019-01-02,19:49,Cash,277.43,4.7619,14.6,7.4
992-21-2847,B,Naypyitaw,Member,Male,Health_and_beauty,90.02,6,28.36,567.13,2019-02-06,13:50,Credit_card,538.77,4.7619,28.36,8.2
547-16-1046,A,Mandalay,Member,Male,Home_and_lifestyle,20.12,9,9.51,190.13,2019-02-26,22:48,Cash,180.62,4.7619,9.51,8.5
649-89-2166,B,Mandalay,Member,Female,Electronic_accessories,47.11,9,22.26,445.19,2019-02-26,20:35,Ewallet,422.93,4.7619,22.26,9.5
844-69-5195,B,Naypyitaw,Member,Female,Health_and_beauty,36.68,1,1.93,38.51,2019-01-21,13:56,Credit_card,36.58,4.7619,1.93,6.8
307-43-1409,C,Naypyitaw,Member,Female,Electronic_accessories,6.09,4,1.28,25.58,2019-01-28,17:32,Cash,24.3,4.7619,1.28,8.9
911-19-1815,B,Mandalay,Member,Male,Home_and_lifestyle,21.53,8,9.04,180.85,2019-01-25,16:09,Credit_card,171.81,4.7619,9.04,9.2
832-34-8028,C,Yangon,Normal,Female,Electronic_accessories,12.01,2,1.26,25.22,2019-03-08,14:26,Ewallet,23.96,4.7619,1.26,6.0
674-51-7863,B,Naypyitaw,Normal,Male,Home_and_lifestyle,88.51,8,37.17,743.48,2019-02-05,16:11,Cash,706.31,4.7619,37.17,8.2
405-38-6411,C,Mandalay,Member,Female,Home_and_lifestyle,99.07,10,52.01,1040.23,2019-01-20,14:37,Cash,988.22,4.7619,52.01,6.5
190-34-8257,A,Naypyitaw,Member,Female,Health_and_beauty,72.42,2,7.6,152.08,2019-01-29,12:44,Ewallet,144.48,4.7619,7.6,5.5
811-33-7941,A,Naypyitaw,Member,Male,Electronic_accessories,95.73,1,5.03,100.52,2019-01-13,13:14,Cash,95.49,4.7619,5.03,6.8
607-31-2807,A,Yangon,Member,Female,Electronic_accessories,85.76,7,31.52,630.34,2019-01-11,22:28,Ewallet,598.82,4.7619,31.52,5.7
102-53-3232,B,Naypyitaw,Normal,Male,Health_and_beauty,16.04,2,1.68,33.68,2019-03-04,14:46,Ewallet,32.0,4.7619,1.68,9.1
808-24-5987,C,Mandalay,Member,Female,Health_and_beauty,34.42,5,9.04,180.71,2019-01-22,13:07,Cash,171.67,4.7619,9.04,7.2
917-92-9814,C,Naypyitaw,Member,Male,Electronic_accessories,62.08,8,26.07,521.47,2019-02-09,18:52,Credit_card,495.4,4.7619,26.07,6.0
158-71-7290,C,Mandalay,Member,Male,Health_and_beauty,82.36,9,38.91,778.3,2019-03-07,20:39,Ewallet,739.39,4.7619,38.91,6.6
458-10-9895,B,Naypyitaw,Normal,Male,Health_and_beauty,72.49,3,11.42,228.34,2019-03-19,22:02,Ewallet,216.92,4.7619,11.42,8.4
138-53-2762,A,Naypyitaw,Member,Female,Health_and_beauty,16.32,6,5.14,102.82,2019-03-13,11:43,Cash,97.68,4.7619,5.14,6.4
846-19-3057,A,Naypyitaw,Member,Female,Home_and_lifestyle,17.98,7,6.61,132.15,2019-04-01,11:22,Ewallet,125.54,4.7619,6.61,9.5
952-45-1795,C,Yangon,Member,Male,Health_and_beauty,81.53,8,34.24,684.85,2019-01-30,18:46,Credit_card,650.61,4.7619,34.24,9.7
657-35-5030,C,Mandalay,Member,Female,Health_and_beauty,53.41,3,8.41,168.24,2019-02-22,14:25,Ewallet,159.83,4.7619,8.41,6.8
802-15-6902,C,Mandalay,Normal,Female,Home_and_lifestyle,31.86,7,11.71,234.17,2019-01-20,18:07,Credit_card,222.46,4.7619,11.71,5.2
199-17-9692,C,Naypyitaw,Normal,Female,Home_and_lifestyle,21.61,4,4.54,90.76,2019-01-26,12:25,Cash,86.22,4.7619,4.54,8.1
961-46-8689,B,Naypyitaw,Normal,Female,Electronic_accessories,10.14,1,0.53,10.65,2019-02-24,10:17,Credit_card,10.12,4.7619,0.53,6.4
243-68-8544,A,Mandalay,Member,Female,Electronic_accessories,45.22,6,14.24,284.89,2019-03-11,14:44,Ewallet,270.65,4.7619,14.24,9.4
858-54-3408,A,Yangon,Member,Female,Electronic_accessories,92.74,5,24.34,486.88,2019-02-05,13:58,Ewallet,462.54,4.7619,24.34,7.8
104-29-9902,C,Mandalay,Member,Female,Electronic_accessories,84.61,7,31.09,621.88,2019-01-09,22:15,Credit_card,590.79,4.7619,31.09,5.2
592-25-6754,C,Mandalay,Member,Male,Electronic_accessories,97.62,4,20.5,410.0,2019-03-10,10:54,Cash,389.5,4.7619,20.5,7.3
971-80-2337,C,Naypyitaw,Normal,Male,Electronic_accessories,85.5,5,22.44,448.88,2019-02-13,15:08,Credit_card,426.44,4.7619,22.44,9.1
156-24-4651,A,Mandalay,Normal,Female,Health_and_beauty,28.09,1,1.47,29.49,2019-03-28,10:57,Ewallet,28.02,4.7619,1.47,9.1
328-19-4120,A,Mandalay,Member,Male,Electronic_accessories,18.07,8,7.59,151.79,2019-01-20,21:15,Credit_card,144.2,4.7619,7.59,8.5
469-47-5619,C,Naypyitaw,Member,Male,Home_and_lifestyle,20.59,7,7.57,151.34,2019-03-22,21:54,Cash,143.77,4.7619,7.57,5.6
636-82-8628,A,Yangon,Member,Male,Electronic_accessories,94.87,10,49.81,996.14,2019-01-13,10:45,Credit_card,946.33,4.7619,49.81,8.8
729-51-1590,B,Yangon,Member,Female,Health_and_beauty,72.25,6,22.76,455.18,2019-02-21,18:11,Cash,432.42,4.7619,22.76,6.6
399-22-2152,C,Mandalay,Normal,Male,Home_and_lifestyle,16.49,10,8.66,173.14,2019-02-06,19:08,Ewallet,164.48,4.7619,8.66,5.5
692-54-1543,B,Naypyitaw,Normal,Female,Electronic_accessories,5.04,1,0.26,5.29,2019-02-12,21:58,Credit_card,5.03,4.7619,0.26,9.5
769-76-4907,A,Yangon,Normal,Male,Electronic_accessories,70.37,10,36.94,738.89,2019-01-25,14:17,Ewallet,701.95,4.7619,36.94,6.4
839-87-4757,B,Naypyitaw,Member,Female,Home_and_lifestyle,81.25,10,42.66,853.12,2019-03-28,16:12,Credit_card,810.46,4.7619,42.66,10.0
205-73-8754,A,Yangon,Normal,Female,Electronic_accessories,81.38,5,21.36,427.25,2019-02-21,11:56,Credit_card,405.89,4.7619,21.36,5.3
475-51-5620,B,Mandalay,Normal,Male,Health_and_beauty,79.52,4,16.7,333.98,2019-01-23,20:11,Credit_card,317.28,4.7619,16.7,5.1
701-12-7879,C,Yangon,Member,Female,Electronic_accessories,28.11,2,2.95,59.03,2019-01-13,10:50,Ewallet,56.08,4.7619,2.95,8.0
756-28-1133,B,Yangon,Member,Male,Electronic_accessories,38.13,1,2.0,40.04,2019-02-20,14:12,Ewallet,38.04,4.7619,2.0,9.9
901-41-2335,C,Mandalay,Member,Male,Electronic_accessories,61.29,10,32.18,643.54,2019-03-09,12:19,Cash,611.36,4.7619,32.18,9.7
721-64-6425,B,Naypyitaw,Normal,Male,Home_and_lifestyle,32.34,3,5.09,101.87,2019-02-11,13:01,Ewallet,96.78,4.7619,5.09,9.2
664-96-5046,A,Naypyitaw,Member,Male,Home_and_lifestyle,25.45,3,4.01,80.17,2019-01-16,18:47,Credit_card,76.16,4.7619,4.01,8.6
351-83-9674,A,Yangon,Normal,Female,Electronic_accessories,63.18,4,13.27,265.36,2019-03-20,11:53,Credit_card,252.09,4.7619,13.27,7.3
928-78-5919,B,Yangon,Normal,Male,Electronic_accessories,79.1,7,29.07,581.38,2019-03-13,18:12,Cash,552.31,4.7619,29.07,5.3
105-89-1619,A,Mandalay,Normal,Male,Electronic_accessories,58.55,10,30.74,614.77,2019-02-09,16:23,Ewallet,584.03,4.7619,30.74,5.2
717-33-4509,B,Naypyitaw,Normal,Female,Health_and_beauty,77.95,8,32.74,654.78,2019-02-25,20:45,Ewallet,622.04,4.7619,32.74,6.8
746-36-5956,A,Yangon,Normal,Female,Electronic_accessories,78.03,2,8.19,163.86,2019-02-21,11:01,Cash,155.67,4.7619,8.19,5.1
286-42-2433,A,Mandalay,Normal,Female,Home_and_lifestyle,55.64,3,8.76,175.27,2019-01-24,16:16,Credit_card,166.51,4.7619,8.76,9.5
539-92-9346,C,Naypyitaw,Member,Female,Electronic_accessories,86.98,8,36.53,730.63,2019-02-08,17:38,Credit_card,694.1,4.7619,36.53,5.8
656-72-9185,C,Naypyitaw,Normal,Male,Home_and_lifestyle,28.77,6,9.06,181.25,2019-02-25,20:12,Ewallet,172.19,4.7619,9.06,5.4
675-21-8417,C,Yangon,Normal,Male,Health_and_beauty,96.21,6,30.31,606.12,2019-03-01,17:27,Cash,575.81,4.7619,30.31,8.4
913-13-8666,C,Mandalay,Normal,Male,Health_and_beauty,34.44,4,7.23,144.65,2019-03-26,22:17,Credit_card,137.42,4.7619,7.23,6.7
815-99-8859,B,Mandalay,Normal,Female,Health_and_beauty,81.56,6,25.69,513.83,2019-03-11,15:39,Credit_card,488.14,4.7619,25.69,6.0
727-14-5000,A,Mandalay,Member,Male,Health_and_beauty,37.04,6,11.67,233.35,2019-02-16,22:38,Ewallet,221.68,4.7619,11.67,9.4
982-41-7475,C,Naypyitaw,Normal,Male,Electronic_accessories,96.78,6,30.49,609.71,2019-01-08,15:41,Ewallet,579.22,4.7619,30.49,8.5
839-46-3266,A,Yangon,Member,Female,Home_and_lifestyle,47.37,6,14.92,298.43,2019-03-11,12:11,Credit_card,283.51,4.7619,14.92,8.8
682-74-5713,B,Mandalay,Member,Female,Home_and_lifestyle,30.41,5,7.98,159.65,2019-02-02,14:01,Cash,151.67,4.7619,7.98,6.8
515-31-3746,C,Yangon,Member,Male,Home_and_lifestyle,46.87,6,14.76,295.28,2019-01-14,11:37,Credit_card,280.52,4.7619,14.76,9.5
405-59-1117,B,Mandalay,Normal,Male,Home_and_lifestyle,84.06,8,35.3,706.1,2019-01-13,21:05,Cash,670.8,4.7619,35.3,7.1
391-53-1871,B,Yangon,Normal,Male,Home_and_lifestyle,38.29,9,18.09,361.84,2019-01-08,14:37,Credit_card,343.75,4.7619,18.09,6.0
845-24-4826,B,Naypyitaw,Member,Female,Health_and_beauty,82.53,5,21.66,433.28,2019-01-27,11:34,Ewallet,411.62,4.7619,21.66,7.3
478-46-8240,C,Mandalay,Member,Male,Home_and_lifestyle,59.91,3,9.44,188.72,2019-01-02,14:41,Cash,179.28,4.7619,9.44,8.8
878-22-2789,C,Mandalay,Normal,Female,Electronic_accessories,70.35,5,18.47,369.34,2019-02-17,16:18,Credit_card,350.87,4.7619,18.47,9.4
577-46-4087,B,Mandalay,Normal,Female,Health_and_beauty,96.48,6,30.39,607.82,2019-03-13,19:26,Credit_card,577.43,4.7619,30.39,5.5
706-57-6012,C,Naypyitaw,Member,Male,Home_and_lifestyle,60.1,9,28.4,567.95,2019-02-11,11:18,Credit_card,539.55,4.7619,28.4,8.3
652-14-3545,C,Naypyitaw,Member,Female,Electronic_accessories,42.1,5,11.05,221.03,2019-01-15,13:10,Credit_card,209.98,4.7619,11.05,7.0
591-78-2009,C,Mandalay,Normal,Female,Home_and_lifestyle,57.2,2,6.01,120.12,2019-01-11,16:21,Ewallet,114.11,4.7619,6.01,7.8
348-58-6462,B,Yangon,Normal,Male,Electronic_accessories,99.7,1,5.23,104.69,2019-01-05,11:09,Cash,99.46,4.7619,5.23,8.9
858-56-7130,A,Naypyitaw,Member,Male,Electronic_accessories,5.67,2,0.6,11.91,2019-02-07,22:28,Cash,11.31,4.7619,0.6,9.0
813-79-7866,A,Mandalay,Normal,Male,Home_and_lifestyle,38.3,1,2.01,40.21,2019-03-06,10:05,Ewallet,38.2,4.7619,2.01,7.6
256-66-8808,B,Mandalay,Normal,Male,Home_and_lifestyle,69.25,1,3.64,72.71,2019-03-13,17:59,Credit_card,69.07,4.7619,3.64,7.9
